/*******************************************************************************
 * Size: 16 px
 * Bpp: 1
 * Opts: --bpp 1 --size 16 --no-compress --stride 1 --align 1 --font SourceHanSansCN-Medium.ttf --symbols 雕虎的一了是我不在人们有来他这上着个地到大里说就去子得也和那要下看天时过出小么起你都把好还多没为又可家学只以主会样年想生同老中十从自面前头道它后然走很像见两用她国动进成回什边作对开而己些现山民候经发工向事命给长水几义三声于高手知理眼志点心战二问但身方实吃做叫当住听革打呢真全才四已所敌之最光产情路分总条白话东席次亲如被花口放儿常气黄五第使写军木珍吧文运再果怎定许快明行因别飞外树物活部门无往船望新带队先力完却站代员机更九您每风级跟笑啊孩万少直意夜比阶连车重便斗马哪化太指变社似士者干石满梅日决百原拿群究各六本思解立河村八难早论吗根共让相研今其书坐接应关信觉步反处记将千找争领或师结块跑谁草越字加脚紧爱等习阵怕月青半火法题建赶位唱海七女任件感准张团屋离色脸片科倒睛利世刚且由送切星导晚表够整认响雪流未场该并底深刻平伟忙提确近亮轻讲农古黑告界拉名呀土清阳照办史改历转画造嘴此治北必服雨穿内识验传业菜爬睡兴形量咱观苦体众通冲合破友度术饭公旁房极南枪读沙岁线野坚空收算至政城劳落钱特围弟胜教热展包歌类渐强数乡呼音答哥际旧神座章帮啦受系令跳非何牛取入岸敢掉忽种装顶急戴林停息句区衣般报叶压慢叔背细艳佐接收成功失败模式编码候选系统启动文输入区无阳广易常曦英文数字
 --range 32-127 --format lvgl -o ui_font_HanSans_cn_16_495.c
 ******************************************************************************/

#ifdef __has_include
    #if __has_include("lvgl.h")
        #ifndef LV_LVGL_H_INCLUDE_SIMPLE
            #define LV_LVGL_H_INCLUDE_SIMPLE
        #endif
    #endif
#endif

#ifdef LV_LVGL_H_INCLUDE_SIMPLE
    #include "lvgl.h"
#else
    #include "lvgl/lvgl.h"
#endif



#ifndef UI_FONT_HANSANS_CN_16_495
#define UI_FONT_HANSANS_CN_16_495 1
#endif

#if UI_FONT_HANSANS_CN_16_495

/*-----------------
 *    BITMAPS
 *----------------*/

/*Store the image of the glyphs*/
static LV_ATTRIBUTE_LARGE_CONST const uint8_t glyph_bitmap[] = {
    /* U+0020 " " */
    0x0,

    /* U+0021 "!" */
    0xff, 0xff, 0x3,

    /* U+0022 "\"" */
    0xde, 0xf7, 0xbd, 0x80,

    /* U+0023 "#" */
    0x22, 0x22, 0x22, 0xff, 0x26, 0x64, 0x64, 0xff,
    0x44, 0x44, 0x44, 0x4c,

    /* U+0024 "$" */
    0x30, 0x61, 0xf6, 0x2c, 0x18, 0x1c, 0x1e, 0xe,
    0xc, 0x1c, 0x3f, 0xc6, 0xc, 0x0,

    /* U+0025 "%" */
    0x78, 0x43, 0x31, 0xc, 0xc8, 0x33, 0x20, 0xcd,
    0x3, 0x35, 0xe7, 0xac, 0xc0, 0xb3, 0x4, 0xcc,
    0x13, 0x30, 0x8c, 0xc4, 0x1e,

    /* U+0026 "&" */
    0x3c, 0xc, 0xc1, 0x98, 0x33, 0x2, 0xc0, 0x70,
    0x1e, 0x36, 0xc6, 0xcf, 0x98, 0xf3, 0x9f, 0x1e,
    0x60,

    /* U+0027 "'" */
    0xff, 0xc0,

    /* U+0028 "(" */
    0x32, 0x66, 0xcc, 0xcc, 0xcc, 0xcc, 0x66, 0x23,

    /* U+0029 ")" */
    0xc4, 0x66, 0x33, 0x33, 0x33, 0x33, 0x66, 0x4c,

    /* U+002A "*" */
    0x20, 0xcf, 0xcc, 0x79, 0x0,

    /* U+002B "+" */
    0x18, 0x18, 0x18, 0xff, 0x18, 0x18, 0x18, 0x18,

    /* U+002C "," */
    0xf3, 0x7c,

    /* U+002D "-" */
    0xf0,

    /* U+002E "." */
    0xc0,

    /* U+002F "/" */
    0xc, 0x30, 0x82, 0x18, 0x41, 0xc, 0x20, 0x82,
    0x18, 0x41, 0xc, 0x20,

    /* U+0030 "0" */
    0x3c, 0x66, 0x42, 0xc3, 0xc3, 0xc3, 0xc3, 0xc3,
    0xc3, 0x42, 0x66, 0x3c,

    /* U+0031 "1" */
    0x31, 0xe0, 0xc1, 0x83, 0x6, 0xc, 0x18, 0x30,
    0x60, 0xc7, 0xf0,

    /* U+0032 "2" */
    0x78, 0xcc, 0x6, 0x6, 0x6, 0xe, 0xc, 0x1c,
    0x18, 0x30, 0x60, 0xff,

    /* U+0033 "3" */
    0x7d, 0x8c, 0x18, 0x30, 0xc7, 0x3, 0x3, 0x7,
    0xf, 0x33, 0xc0,

    /* U+0034 "4" */
    0xe, 0xe, 0x1e, 0x16, 0x36, 0x66, 0x66, 0xc6,
    0xff, 0x6, 0x6, 0x6,

    /* U+0035 "5" */
    0x7e, 0x60, 0x60, 0x60, 0x7c, 0x46, 0x3, 0x3,
    0x3, 0x3, 0xc6, 0x7c,

    /* U+0036 "6" */
    0x1e, 0x62, 0x60, 0xc0, 0xc0, 0xde, 0xe7, 0xc3,
    0xc3, 0x43, 0x66, 0x3c,

    /* U+0037 "7" */
    0xff, 0x6, 0x6, 0xc, 0x18, 0x18, 0x18, 0x30,
    0x30, 0x30, 0x30, 0x30,

    /* U+0038 "8" */
    0x7d, 0x8f, 0x1e, 0x36, 0x47, 0x1f, 0x67, 0xc7,
    0x8f, 0x99, 0xe0,

    /* U+0039 "9" */
    0x3c, 0x66, 0xc2, 0xc3, 0xc3, 0xe7, 0x7b, 0x3,
    0x3, 0x6, 0x46, 0x78,

    /* U+003A ":" */
    0xc0, 0x0, 0xc0,

    /* U+003B ";" */
    0xc0, 0x0, 0x0, 0xef, 0xe0,

    /* U+003C "<" */
    0x1, 0x7, 0x3c, 0xe0, 0xe0, 0x3c, 0x7, 0x1,

    /* U+003D "=" */
    0xff, 0x0, 0x0, 0x0, 0xff,

    /* U+003E ">" */
    0x80, 0xe0, 0x3c, 0x7, 0x7, 0x3c, 0xe0, 0x80,

    /* U+003F "?" */
    0x7c, 0x8c, 0x18, 0x30, 0xe1, 0x86, 0x18, 0x30,
    0x0, 0x1, 0x80,

    /* U+0040 "@" */
    0x7, 0xe0, 0x70, 0xc3, 0x0, 0x98, 0x2, 0x67,
    0xc7, 0x33, 0x1d, 0x8c, 0x76, 0x31, 0xd8, 0x8f,
    0x67, 0x26, 0xe7, 0x18, 0x0, 0x38, 0x40, 0x3f,
    0x0,

    /* U+0041 "A" */
    0xc, 0x7, 0x81, 0xe0, 0x48, 0x33, 0xc, 0xc2,
    0x31, 0xfc, 0x61, 0x98, 0x6c, 0xb, 0x3,

    /* U+0042 "B" */
    0xfc, 0x63, 0xb0, 0xd8, 0x6c, 0x67, 0xe3, 0xd,
    0x83, 0xc1, 0xe0, 0xf0, 0xdf, 0xc0,

    /* U+0043 "C" */
    0x1f, 0x18, 0x98, 0x18, 0xc, 0x6, 0x3, 0x1,
    0x80, 0xc0, 0x30, 0xc, 0x63, 0xe0,

    /* U+0044 "D" */
    0xfc, 0x63, 0x30, 0xd8, 0x3c, 0x1e, 0xf, 0x7,
    0x83, 0xc1, 0xe1, 0xb1, 0x9f, 0x80,

    /* U+0045 "E" */
    0xff, 0x83, 0x6, 0xc, 0x1f, 0xb0, 0x60, 0xc1,
    0x83, 0x7, 0xf0,

    /* U+0046 "F" */
    0xff, 0x83, 0x6, 0xc, 0x18, 0x3f, 0x60, 0xc1,
    0x83, 0x6, 0x0,

    /* U+0047 "G" */
    0x1f, 0x18, 0x98, 0x18, 0xc, 0x6, 0x3, 0x1f,
    0x83, 0xc1, 0xb0, 0xcc, 0x63, 0xe0,

    /* U+0048 "H" */
    0xc1, 0xe0, 0xf0, 0x78, 0x3c, 0x1f, 0xff, 0x7,
    0x83, 0xc1, 0xe0, 0xf0, 0x78, 0x30,

    /* U+0049 "I" */
    0xff, 0xff, 0xff,

    /* U+004A "J" */
    0x6, 0xc, 0x18, 0x30, 0x60, 0xc1, 0x83, 0x6,
    0xf, 0x33, 0xe0,

    /* U+004B "K" */
    0xc3, 0x63, 0x31, 0x99, 0x8d, 0x87, 0xc3, 0xf1,
    0xcc, 0xc6, 0x61, 0xb0, 0xd8, 0x30,

    /* U+004C "L" */
    0xc1, 0x83, 0x6, 0xc, 0x18, 0x30, 0x60, 0xc1,
    0x83, 0x7, 0xf0,

    /* U+004D "M" */
    0xe1, 0xf8, 0x7e, 0x1f, 0xc7, 0xf3, 0xf4, 0xbd,
    0x2f, 0x7b, 0xcc, 0xf3, 0x3c, 0xcf, 0x3,

    /* U+004E "N" */
    0xe1, 0xf0, 0xfc, 0x7e, 0x3d, 0x9e, 0xcf, 0x37,
    0x9b, 0xc7, 0xe3, 0xf0, 0xf8, 0x70,

    /* U+004F "O" */
    0x1e, 0x1c, 0xe6, 0x1b, 0x3, 0xc0, 0xf0, 0x3c,
    0xf, 0x3, 0xc0, 0xd8, 0x67, 0x30, 0x78,

    /* U+0050 "P" */
    0xfc, 0xc7, 0xc3, 0xc3, 0xc3, 0xc6, 0xfc, 0xc0,
    0xc0, 0xc0, 0xc0, 0xc0,

    /* U+0051 "Q" */
    0x1e, 0x1c, 0xe6, 0x1b, 0x3, 0xc0, 0xf0, 0x3c,
    0xf, 0x3, 0x61, 0xd8, 0x63, 0xf0, 0x30, 0x6,
    0x0, 0xf0,

    /* U+0052 "R" */
    0xfc, 0xc7, 0xc3, 0xc3, 0xc3, 0xc6, 0xfc, 0xcc,
    0xcc, 0xc6, 0xc7, 0xc3,

    /* U+0053 "S" */
    0x1f, 0x10, 0x98, 0xc, 0x7, 0x81, 0xf0, 0x7c,
    0xf, 0x1, 0x80, 0xd8, 0xc7, 0xc0,

    /* U+0054 "T" */
    0xff, 0x8c, 0x6, 0x3, 0x1, 0x80, 0xc0, 0x60,
    0x30, 0x18, 0xc, 0x6, 0x3, 0x0,

    /* U+0055 "U" */
    0xc1, 0xe0, 0xf0, 0x78, 0x3c, 0x1e, 0xf, 0x7,
    0x83, 0xc1, 0xe0, 0xd8, 0xc7, 0xc0,

    /* U+0056 "V" */
    0xc1, 0xb0, 0x66, 0x19, 0x84, 0x63, 0x8, 0xc3,
    0x30, 0xc8, 0x16, 0x7, 0x81, 0xc0, 0x70,

    /* U+0057 "W" */
    0xc3, 0xd, 0x8c, 0x36, 0x38, 0x98, 0xe2, 0x66,
    0x99, 0x9a, 0x62, 0x4d, 0x8d, 0x34, 0x3c, 0xd0,
    0xf1, 0x43, 0x87, 0x6, 0x1c,

    /* U+0058 "X" */
    0x61, 0xb1, 0x8c, 0xc6, 0xc1, 0xe0, 0xe0, 0x70,
    0x2c, 0x36, 0x11, 0x98, 0xc8, 0x30,

    /* U+0059 "Y" */
    0x61, 0x98, 0x63, 0x30, 0xcc, 0x12, 0x7, 0x80,
    0xc0, 0x30, 0xc, 0x3, 0x0, 0xc0, 0x30,

    /* U+005A "Z" */
    0xff, 0x7, 0x6, 0xc, 0xc, 0x18, 0x18, 0x30,
    0x60, 0x60, 0xc0, 0xff,

    /* U+005B "[" */
    0xfc, 0xcc, 0xcc, 0xcc, 0xcc, 0xcc, 0xcc, 0xf0,

    /* U+005C "\\" */
    0xc1, 0x4, 0x18, 0x20, 0x82, 0xc, 0x10, 0x41,
    0x82, 0x8, 0x20, 0xc1,

    /* U+005D "]" */
    0xf3, 0x33, 0x33, 0x33, 0x33, 0x33, 0x33, 0xf0,

    /* U+005E "^" */
    0x18, 0x70, 0xa3, 0x66, 0x48, 0xf1, 0x80,

    /* U+005F "_" */
    0xff, 0x80,

    /* U+0060 "`" */
    0x46, 0x30,

    /* U+0061 "a" */
    0x7c, 0x8c, 0x18, 0xf7, 0xf8, 0xf1, 0xe7, 0x7e,

    /* U+0062 "b" */
    0xc0, 0xc0, 0xc0, 0xc0, 0xfc, 0xe6, 0xc3, 0xc3,
    0xc3, 0xc3, 0xc3, 0xc6, 0xfc,

    /* U+0063 "c" */
    0x3e, 0xc3, 0x6, 0xc, 0x18, 0x30, 0x31, 0x3e,

    /* U+0064 "d" */
    0x3, 0x3, 0x3, 0x3, 0x3f, 0x63, 0xc3, 0xc3,
    0xc3, 0xc3, 0xc3, 0x67, 0x3f,

    /* U+0065 "e" */
    0x3c, 0x66, 0xc3, 0xc3, 0xff, 0xc0, 0xc0, 0x62,
    0x3e,

    /* U+0066 "f" */
    0x3d, 0x86, 0x18, 0xf9, 0x86, 0x18, 0x61, 0x86,
    0x18, 0x60,

    /* U+0067 "g" */
    0x7f, 0xc6, 0xc6, 0xc6, 0x46, 0x3c, 0xc0, 0xc0,
    0x7e, 0xc3, 0xc3, 0xc6, 0x7c,

    /* U+0068 "h" */
    0xc1, 0x83, 0x6, 0xd, 0xdc, 0xf1, 0xe3, 0xc7,
    0x8f, 0x1e, 0x3c, 0x60,

    /* U+0069 "i" */
    0xc0, 0xff, 0xff, 0xc0,

    /* U+006A "j" */
    0x30, 0x0, 0x33, 0x33, 0x33, 0x33, 0x33, 0x33,
    0xe0,

    /* U+006B "k" */
    0xc0, 0xc0, 0xc0, 0xc0, 0xc6, 0xcc, 0xcc, 0xd8,
    0xf8, 0xec, 0xcc, 0xc6, 0xc3,

    /* U+006C "l" */
    0xdb, 0x6d, 0xb6, 0xdb, 0x66,

    /* U+006D "m" */
    0xfc, 0xee, 0x73, 0xc6, 0x3c, 0x63, 0xc6, 0x3c,
    0x63, 0xc6, 0x3c, 0x63, 0xc6, 0x30,

    /* U+006E "n" */
    0xdd, 0xcf, 0x1e, 0x3c, 0x78, 0xf1, 0xe3, 0xc6,

    /* U+006F "o" */
    0x3c, 0x66, 0xc3, 0xc3, 0xc3, 0xc3, 0xc3, 0x66,
    0x3c,

    /* U+0070 "p" */
    0xfc, 0xe6, 0xc3, 0xc3, 0xc3, 0xc3, 0xc3, 0xc6,
    0xfc, 0xc0, 0xc0, 0xc0, 0xc0,

    /* U+0071 "q" */
    0x3f, 0x63, 0xc3, 0xc3, 0xc3, 0xc3, 0xc3, 0x67,
    0x3f, 0x3, 0x3, 0x3, 0x3,

    /* U+0072 "r" */
    0xdf, 0x31, 0x8c, 0x63, 0x18, 0xc0,

    /* U+0073 "s" */
    0x7b, 0x2c, 0x3c, 0x78, 0x70, 0xe3, 0xf8,

    /* U+0074 "t" */
    0x63, 0x19, 0xf6, 0x31, 0x8c, 0x63, 0x18, 0x70,

    /* U+0075 "u" */
    0xc7, 0x8f, 0x1e, 0x3c, 0x78, 0xf1, 0xe7, 0x76,

    /* U+0076 "v" */
    0xc1, 0x31, 0x98, 0xcc, 0x42, 0x61, 0xb0, 0xd0,
    0x38, 0x1c, 0x0,

    /* U+0077 "w" */
    0x43, 0x1b, 0x38, 0x99, 0x4c, 0xca, 0x62, 0x5b,
    0x1e, 0xd0, 0xf2, 0x87, 0x1c, 0x18, 0xe0,

    /* U+0078 "x" */
    0x63, 0x66, 0x36, 0x1c, 0x18, 0x3c, 0x36, 0x66,
    0x43,

    /* U+0079 "y" */
    0xc1, 0x31, 0x98, 0xcc, 0x43, 0x61, 0xb0, 0x50,
    0x28, 0x1c, 0x4, 0x6, 0x2, 0x7, 0x0,

    /* U+007A "z" */
    0x7e, 0x1c, 0x30, 0xc3, 0x86, 0x1c, 0x30, 0xfe,

    /* U+007B "{" */
    0x19, 0x8c, 0x63, 0x18, 0xdc, 0x31, 0x8c, 0x63,
    0x18, 0x60,

    /* U+007C "|" */
    0xff, 0xff, 0xc0,

    /* U+007D "}" */
    0xe1, 0x8c, 0x63, 0x18, 0xc3, 0x31, 0x8c, 0x63,
    0x1b, 0x80,

    /* U+007E "~" */
    0x62, 0x92, 0x8c,

    /* U+4E00 "一" */
    0xff, 0xfe,

    /* U+4E03 "七" */
    0x6, 0x0, 0xc, 0x0, 0x18, 0x0, 0x30, 0x0,
    0x67, 0xe7, 0xfe, 0x1f, 0x80, 0x3, 0x0, 0x6,
    0x0, 0xc, 0x8, 0x18, 0x18, 0x30, 0x30, 0x3f,
    0xc0,

    /* U+4E07 "万" */
    0x7f, 0xfe, 0xc, 0x0, 0x18, 0x0, 0x30, 0x0,
    0x7f, 0xc0, 0x81, 0x81, 0x3, 0x6, 0x6, 0x8,
    0x8, 0x30, 0x10, 0x40, 0x21, 0x80, 0xc4, 0xf,
    0x0,

    /* U+4E09 "三" */
    0x7f, 0xf8, 0x0, 0x0, 0x0, 0x0, 0x0, 0x0,
    0x0, 0xff, 0xc0, 0x0, 0x0, 0x0, 0x0, 0x0,
    0x0, 0x0, 0x0, 0x3f, 0xff,

    /* U+4E0A "上" */
    0x2, 0x0, 0x8, 0x0, 0x20, 0x0, 0x80, 0x2,
    0x0, 0xf, 0xe0, 0x20, 0x0, 0x80, 0x2, 0x0,
    0x8, 0x0, 0x20, 0x0, 0x80, 0xff, 0xfc,

    /* U+4E0B "下" */
    0xff, 0xfc, 0x8, 0x0, 0x20, 0x0, 0x80, 0x3,
    0xc0, 0xb, 0xc0, 0x23, 0x80, 0x86, 0x2, 0x0,
    0x8, 0x0, 0x20, 0x0, 0x80, 0x2, 0x0,

    /* U+4E0D "不" */
    0xff, 0xfc, 0x3, 0x0, 0xc, 0x0, 0x38, 0x0,
    0xfe, 0x3, 0x6e, 0xc, 0xc6, 0x71, 0x86, 0x83,
    0x4, 0x6, 0x0, 0xc, 0x0, 0x18, 0x0, 0x30,
    0x0,

    /* U+4E14 "且" */
    0x3f, 0xf0, 0xc0, 0xc3, 0x3, 0xc, 0xc, 0x30,
    0x30, 0xff, 0xc3, 0x3, 0xc, 0xc, 0x3f, 0xf0,
    0xc0, 0xc3, 0x3, 0xc, 0xc, 0xff, 0xfc,

    /* U+4E16 "世" */
    0x33, 0x30, 0xcc, 0xc3, 0x33, 0xc, 0xcc, 0xff,
    0xfc, 0xcc, 0xc3, 0x33, 0xc, 0xcc, 0x33, 0x30,
    0xcf, 0xc3, 0x0, 0xc, 0x0, 0x3f, 0xfc,

    /* U+4E1A "业" */
    0xc, 0xc0, 0x33, 0x0, 0xcc, 0x13, 0x32, 0x4c,
    0xcd, 0xb3, 0x26, 0xcd, 0x8b, 0x34, 0x3c, 0xf0,
    0x33, 0x0, 0xcc, 0x3, 0x30, 0xff, 0xfc,

    /* U+4E1C "东" */
    0x6, 0x0, 0x60, 0x3f, 0xfe, 0x30, 0x1, 0x10,
    0x18, 0x81, 0xff, 0xc0, 0x20, 0x1, 0x1, 0x8b,
    0x8, 0x4c, 0xc2, 0x3c, 0x10, 0x83, 0x80,

    /* U+4E24 "两" */
    0xff, 0xfc, 0x33, 0x0, 0xcc, 0x1f, 0xfe, 0x4c,
    0xc9, 0x33, 0x24, 0xcc, 0x93, 0xba, 0x5b, 0xb9,
    0x44, 0x67, 0x30, 0x90, 0x2, 0x40, 0x78,

    /* U+4E2A "个" */
    0x0, 0x80, 0x1, 0x80, 0x3, 0xc0, 0x6, 0x60,
    0xc, 0x38, 0x39, 0x9c, 0x71, 0x86, 0x41, 0x82,
    0x1, 0x80, 0x1, 0x80, 0x1, 0x80, 0x1, 0x80,
    0x1, 0x80, 0x1, 0x80, 0x1, 0x80,

    /* U+4E2D "中" */
    0x3, 0x0, 0xc, 0x0, 0x30, 0x3f, 0xff, 0xc3,
    0xf, 0xc, 0x3c, 0x30, 0xf0, 0xc3, 0xff, 0xff,
    0xc, 0x30, 0x30, 0x0, 0xc0, 0x3, 0x0, 0xc,
    0x0,

    /* U+4E3A "为" */
    0x3, 0x0, 0xcc, 0x1, 0xb0, 0x4, 0xc0, 0x7f,
    0xfc, 0xc, 0x30, 0x60, 0xc1, 0xa3, 0x6, 0x4c,
    0x31, 0xb1, 0x80, 0xce, 0x3, 0x70, 0xd, 0x1,
    0xe0,

    /* U+4E3B "主" */
    0x6, 0x0, 0xc, 0x0, 0x18, 0x1f, 0xfe, 0x3,
    0x0, 0xc, 0x0, 0x30, 0x0, 0xc0, 0x7f, 0xf8,
    0xc, 0x0, 0x30, 0x0, 0xc0, 0xff, 0xfc,

    /* U+4E48 "么" */
    0x6, 0x0, 0x18, 0x0, 0xc0, 0x6, 0x18, 0x30,
    0xc1, 0x87, 0xc, 0x18, 0x0, 0xc0, 0x6, 0x60,
    0x30, 0xc1, 0x81, 0x9d, 0xfe, 0x7f, 0xec, 0x0,
    0x30,

    /* U+4E49 "义" */
    0x2, 0x0, 0xc, 0x66, 0x11, 0x8c, 0x4c, 0x30,
    0x30, 0x61, 0x81, 0x86, 0x3, 0x30, 0x7, 0x80,
    0xc, 0x0, 0x78, 0x7, 0x38, 0x70, 0x3b, 0x0,
    0x70,

    /* U+4E4B "之" */
    0x2, 0x0, 0xc, 0x0, 0x10, 0x1f, 0xfe, 0x0,
    0x30, 0x1, 0xc0, 0xe, 0x0, 0x70, 0x3, 0x80,
    0x1c, 0x0, 0xe0, 0xe, 0x0, 0xc8, 0x6, 0x1f,
    0xf0,

    /* U+4E5D "九" */
    0x6, 0x0, 0xc, 0x0, 0x18, 0x0, 0x30, 0x7,
    0xff, 0x0, 0xc6, 0x1, 0x8c, 0x6, 0x18, 0xc,
    0x30, 0x18, 0x60, 0x60, 0xc0, 0xc1, 0x93, 0x3,
    0x2c, 0x7, 0xc0,

    /* U+4E5F "也" */
    0x1, 0x0, 0x44, 0x1, 0x10, 0x84, 0x5e, 0x13,
    0xe8, 0x7c, 0x2f, 0x10, 0xb4, 0x42, 0x11, 0x18,
    0x45, 0xc1, 0x10, 0x44, 0x1, 0x10, 0xc, 0x3f,
    0xe0,

    /* U+4E60 "习" */
    0xff, 0xf8, 0x0, 0xc0, 0x6, 0x70, 0x30, 0xc1,
    0x83, 0xc, 0x0, 0x60, 0x3b, 0xf, 0x9b, 0xe0,
    0xf8, 0x6, 0x0, 0x30, 0x1f, 0x0,

    /* U+4E61 "乡" */
    0x3, 0x0, 0x30, 0x3, 0x8, 0x70, 0xc3, 0xfc,
    0x1, 0x80, 0x38, 0x67, 0xff, 0x7f, 0xf0, 0x3,
    0x0, 0x30, 0xf, 0x3, 0xe0, 0x38, 0x0,

    /* U+4E66 "书" */
    0x6, 0x20, 0x18, 0xc0, 0x61, 0xdf, 0xf8, 0x6,
    0x20, 0x18, 0x80, 0x62, 0x3f, 0xff, 0x6, 0xc,
    0x18, 0x30, 0x60, 0xc1, 0x87, 0x6, 0x78, 0x18,
    0x0,

    /* U+4E86 "了" */
    0xff, 0xf8, 0x0, 0xe0, 0x6, 0x0, 0x70, 0x3,
    0x80, 0xc, 0x0, 0x30, 0x0, 0xc0, 0x3, 0x0,
    0xc, 0x0, 0x30, 0x0, 0xc0, 0x1f, 0x0,

    /* U+4E89 "争" */
    0xc, 0x0, 0x3f, 0xc0, 0xc1, 0x83, 0x6, 0x7,
    0xff, 0x80, 0x63, 0x0, 0xc6, 0x7f, 0xff, 0x3,
    0x18, 0x6, 0x31, 0xff, 0xe0, 0x18, 0x0, 0x30,
    0x1, 0xe0, 0x0,

    /* U+4E8B "事" */
    0x3, 0x3, 0xff, 0xf0, 0x30, 0xf, 0xfc, 0x23,
    0x10, 0xff, 0xc0, 0x30, 0x1f, 0xfc, 0x3, 0x13,
    0xff, 0xf0, 0x31, 0x1f, 0xfc, 0x3, 0x10, 0x38,
    0x0,

    /* U+4E8C "二" */
    0x7f, 0xf8, 0x0, 0x0, 0x0, 0x0, 0x0, 0x0,
    0x0, 0x0, 0x0, 0x0, 0x0, 0x0, 0x0, 0x3,
    0xff, 0xf0,

    /* U+4E8E "于" */
    0x7f, 0xf8, 0xc, 0x0, 0x30, 0x0, 0xc0, 0x3,
    0x3, 0xff, 0xf0, 0x30, 0x0, 0xc0, 0x3, 0x0,
    0xc, 0x0, 0x30, 0x0, 0xc0, 0x1f, 0x0,

    /* U+4E94 "五" */
    0x7f, 0xf8, 0x18, 0x0, 0x60, 0x1, 0x80, 0x6,
    0x0, 0xff, 0x80, 0x42, 0x3, 0x8, 0xc, 0x20,
    0x31, 0x80, 0x86, 0x3f, 0xff,

    /* U+4E9B "些" */
    0x18, 0x81, 0x62, 0x25, 0xef, 0x96, 0x30, 0x58,
    0x81, 0x62, 0x15, 0x88, 0x7f, 0xbe, 0x0, 0x0,
    0xff, 0xc0, 0x0, 0x0, 0x0, 0x0, 0x3, 0xff,
    0xf0,

    /* U+4EA7 "产" */
    0x3, 0x0, 0x4, 0x7, 0xff, 0xc2, 0x8, 0xc,
    0x30, 0x11, 0x87, 0xff, 0xd8, 0x0, 0x60, 0x1,
    0x80, 0x6, 0x0, 0x10, 0x0, 0xc0, 0x3, 0x0,
    0x0,

    /* U+4EAE "亮" */
    0x0, 0x0, 0xc, 0xf, 0xff, 0xc0, 0x0, 0x3f,
    0xf0, 0xc0, 0xc3, 0xff, 0x0, 0x0, 0xff, 0xff,
    0x0, 0x3c, 0xfc, 0xc2, 0x10, 0x18, 0x44, 0xc1,
    0x1e, 0x7, 0xc0,

    /* U+4EB2 "亲" */
    0x2, 0x0, 0xc, 0x7, 0xff, 0x86, 0x18, 0x8,
    0x43, 0xff, 0xf0, 0x30, 0x0, 0xc0, 0xff, 0xfc,
    0xc, 0x83, 0x33, 0xc, 0xcc, 0x63, 0x19, 0x3c,
    0x0,

    /* U+4EBA "人" */
    0x3, 0x0, 0x6, 0x0, 0xc, 0x0, 0x18, 0x0,
    0x30, 0x0, 0x70, 0x1, 0xe0, 0x3, 0x40, 0xc,
    0xc0, 0x19, 0x80, 0x61, 0x81, 0xc1, 0x87, 0x1,
    0x9c, 0x1, 0x80, 0x0, 0x0,

    /* U+4EC0 "什" */
    0x10, 0xc0, 0x43, 0x2, 0xc, 0x18, 0x30, 0x60,
    0xc3, 0xbf, 0xfa, 0xc, 0x8, 0x30, 0x20, 0xc0,
    0x83, 0x2, 0xc, 0x8, 0x30, 0x20, 0xc0, 0x83,
    0x0,

    /* U+4ECA "今" */
    0x1, 0x0, 0xc, 0x0, 0x78, 0x3, 0x30, 0x38,
    0x71, 0xdc, 0x7c, 0x18, 0xc0, 0x20, 0x3f, 0xf8,
    0x0, 0xc0, 0x6, 0x0, 0x30, 0x1, 0xc0, 0xe,
    0x0, 0x0, 0x0,

    /* U+4ECE "从" */
    0x18, 0x60, 0x30, 0xc0, 0x61, 0x80, 0xc3, 0x1,
    0x86, 0x3, 0xc, 0xf, 0x38, 0x1a, 0x70, 0x36,
    0xf0, 0x65, 0x61, 0x86, 0x63, 0xc, 0xcc, 0x30,
    0xd8, 0x40, 0x80,

    /* U+4ED6 "他" */
    0x18, 0x40, 0x20, 0x80, 0xc9, 0x1, 0x12, 0xe6,
    0x2f, 0xcc, 0x78, 0xbb, 0x91, 0x15, 0x22, 0x22,
    0x44, 0x44, 0xb8, 0x89, 0x1, 0x10, 0x32, 0x20,
    0x64, 0x7f, 0x80,

    /* U+4EE3 "代" */
    0x6, 0x6c, 0xc, 0x66, 0xc, 0x63, 0x18, 0x60,
    0x38, 0x7f, 0x7b, 0xf0, 0x58, 0x20, 0x18, 0x30,
    0x18, 0x30, 0x18, 0x30, 0x18, 0x19, 0x18, 0x19,
    0x18, 0xf, 0x18, 0x6,

    /* U+4EE4 "令" */
    0x3, 0x0, 0xf, 0x0, 0x33, 0x0, 0xc3, 0x87,
    0x73, 0xd8, 0x71, 0x80, 0x40, 0x1f, 0xfc, 0x0,
    0x70, 0x1, 0xc0, 0x3f, 0x0, 0x3c, 0x0, 0x1c,
    0x0, 0x18, 0x0,

    /* U+4EE5 "以" */
    0x60, 0x31, 0x90, 0xc6, 0x63, 0x18, 0xcc, 0x63,
    0x31, 0x80, 0x86, 0x6, 0x18, 0x18, 0x64, 0x41,
    0xf3, 0x87, 0x1f, 0x30, 0xe6, 0x7, 0x1c, 0x10,
    0x20,

    /* U+4EEC "们" */
    0x0, 0x0, 0x49, 0xf1, 0x30, 0x4c, 0x61, 0x24,
    0x5, 0x90, 0x16, 0x40, 0x59, 0x1, 0x24, 0x4,
    0x90, 0x12, 0x40, 0x49, 0x1, 0x24, 0x4, 0x90,
    0x12, 0x41, 0xc0,

    /* U+4EF6 "件" */
    0x10, 0xc0, 0x4b, 0x3, 0x6c, 0x9, 0xfe, 0x64,
    0xc3, 0xb3, 0xe, 0xc, 0x8, 0x30, 0x2f, 0xfc,
    0x83, 0x2, 0xc, 0x8, 0x30, 0x20, 0xc0, 0x83,
    0x0,

    /* U+4EFB "任" */
    0x8, 0x0, 0x18, 0x78, 0x2f, 0xc0, 0x93, 0x3,
    0x6, 0x6, 0xc, 0x1c, 0x18, 0x2b, 0xff, 0x10,
    0x60, 0x20, 0xc0, 0x41, 0x80, 0x83, 0x1, 0x6,
    0x2, 0x7f, 0xc4, 0x0, 0x0,

    /* U+4F17 "众" */
    0x0, 0x0, 0xc, 0x0, 0x70, 0x3, 0xa0, 0x1c,
    0xe1, 0xe0, 0xef, 0x85, 0xc6, 0x10, 0x10, 0x40,
    0x63, 0x3, 0xce, 0xd, 0xac, 0x61, 0xb1, 0x8c,
    0x7c, 0x30, 0x80,

    /* U+4F1A "会" */
    0x1, 0x0, 0x6, 0x0, 0x1b, 0x0, 0x63, 0x3,
    0x83, 0x9d, 0xfd, 0x80, 0x0, 0x0, 0x0, 0x7f,
    0xfc, 0xc, 0x40, 0x30, 0xc0, 0xc1, 0x83, 0xff,
    0x87, 0x81, 0x80,

    /* U+4F1F "伟" */
    0x8, 0x40, 0x61, 0x1, 0x7f, 0xc8, 0x10, 0x60,
    0x43, 0x9f, 0xfe, 0x4, 0x8, 0x10, 0x2f, 0xfc,
    0x81, 0x12, 0x4, 0x48, 0x11, 0x20, 0x5c, 0x81,
    0x0,

    /* U+4F20 "传" */
    0x10, 0xc0, 0x31, 0x80, 0x5f, 0xf1, 0x4, 0x6,
    0x18, 0x1d, 0xff, 0xf8, 0x40, 0x51, 0x80, 0x23,
    0xfc, 0x40, 0x30, 0x84, 0xc1, 0x7, 0x2, 0x7,
    0x4, 0x6, 0x0,

    /* U+4F3C "似" */
    0x10, 0x8, 0x6a, 0x10, 0x96, 0x23, 0x24, 0x46,
    0x4c, 0x9c, 0x89, 0x29, 0x4, 0x12, 0x8, 0x24,
    0x18, 0x4b, 0xf0, 0x9c, 0xf1, 0x73, 0x22, 0xc,
    0x44, 0x10, 0x0,

    /* U+4F46 "但" */
    0x18, 0x0, 0x5f, 0xe3, 0x61, 0x89, 0x86, 0x66,
    0x1b, 0x9f, 0xea, 0x61, 0x89, 0x86, 0x26, 0x18,
    0x9f, 0xe2, 0x0, 0x8, 0x0, 0x2f, 0xfc, 0x80,
    0x0,

    /* U+4F4D "位" */
    0x8, 0x40, 0x30, 0xc0, 0x61, 0x81, 0x9f, 0xe7,
    0x0, 0x1e, 0x21, 0x2c, 0x42, 0x18, 0xc4, 0x31,
    0x98, 0x63, 0x30, 0xc2, 0x41, 0x80, 0x83, 0x7f,
    0xe6, 0x0, 0x0,

    /* U+4F4F "住" */
    0xc, 0x40, 0x30, 0xc0, 0x60, 0x81, 0xbf, 0xf7,
    0x6, 0x1e, 0xc, 0x2c, 0x18, 0x19, 0xfe, 0x30,
    0x60, 0x60, 0xc0, 0xc1, 0x81, 0x83, 0x3, 0x6,
    0x6, 0xff, 0xc0,

    /* U+4F50 "佐" */
    0x18, 0x80, 0x61, 0x0, 0xc6, 0x3, 0x7f, 0xf6,
    0x10, 0x1c, 0x60, 0x28, 0xc0, 0x11, 0xff, 0x26,
    0x20, 0x4c, 0x40, 0xb0, 0x81, 0xe1, 0x3, 0x82,
    0x4, 0x7f, 0xc0,

    /* U+4F53 "体" */
    0x10, 0xc0, 0x21, 0x80, 0x83, 0x1, 0x7f, 0xe6,
    0x1e, 0x1c, 0x3c, 0x28, 0xfc, 0x11, 0x68, 0x26,
    0xd8, 0x59, 0x98, 0xef, 0xd1, 0x6, 0x2, 0xc,
    0x4, 0x18, 0x0,

    /* U+4F55 "何" */
    0x10, 0x0, 0xff, 0xf2, 0x1, 0x98, 0x6, 0x60,
    0x1b, 0xbf, 0x6a, 0xcd, 0x8b, 0x36, 0x2c, 0xd8,
    0xbf, 0x62, 0xc1, 0x88, 0x6, 0x20, 0x18, 0x81,
    0xe0,

    /* U+4F5C "作" */
    0x0, 0x0, 0x33, 0x0, 0x64, 0x1, 0x9f, 0xf3,
    0x2c, 0xe, 0x58, 0x3d, 0x30, 0x7a, 0x7e, 0x30,
    0xc0, 0x61, 0x80, 0xc3, 0xf1, 0x86, 0x3, 0xc,
    0x6, 0x18, 0xc, 0x30, 0x0,

    /* U+4F60 "你" */
    0x1b, 0x0, 0x4c, 0x3, 0x30, 0x9, 0xff, 0x64,
    0x47, 0xb1, 0x3a, 0x4, 0x8, 0xd6, 0x22, 0x48,
    0x99, 0x22, 0x64, 0xcb, 0x11, 0x20, 0x40, 0x87,
    0x0,

    /* U+4F7F "使" */
    0x10, 0xc0, 0xff, 0xf2, 0xc, 0x18, 0x30, 0x6f,
    0xff, 0xb3, 0x3a, 0xcc, 0xcb, 0xff, 0x24, 0x80,
    0x9a, 0x2, 0x38, 0x8, 0xf0, 0x2e, 0xfc, 0xb0,
    0x70,

    /* U+4FBF "便" */
    0x18, 0x0, 0x3f, 0xfc, 0x41, 0x81, 0x83, 0x2,
    0x7f, 0xec, 0xcc, 0xd9, 0x99, 0xf3, 0xff, 0x26,
    0x66, 0x4f, 0xfc, 0x81, 0x1, 0x36, 0x2, 0x18,
    0x4, 0xff, 0xcb, 0x7, 0x80,

    /* U+4FE1 "信" */
    0x0, 0x0, 0x42, 0x3, 0xc, 0xb, 0xff, 0x60,
    0x1, 0x80, 0xe, 0x7f, 0xa8, 0x0, 0x27, 0xf8,
    0x80, 0x2, 0x7f, 0x89, 0x2, 0x24, 0x8, 0x90,
    0x22, 0x7f, 0x80,

    /* U+5012 "倒" */
    0x10, 0x4, 0xff, 0x52, 0x61, 0x49, 0x25, 0x6f,
    0xd7, 0xb9, 0xd6, 0x31, 0x48, 0xc5, 0x2f, 0xd4,
    0x8c, 0x52, 0x30, 0x49, 0xf1, 0x2f, 0x4, 0x80,
    0x70,

    /* U+5019 "候" */
    0x0, 0x0, 0x23, 0xf0, 0xc0, 0x61, 0x0, 0xc2,
    0xbf, 0xed, 0x0, 0x1a, 0x60, 0x34, 0xfe, 0x2b,
    0x60, 0x50, 0xc0, 0xaf, 0xf9, 0x43, 0x2, 0xf,
    0x4, 0x73, 0x89, 0xc1, 0x80,

    /* U+505A "做" */
    0x13, 0x30, 0x4c, 0x83, 0x32, 0xb, 0xef, 0x63,
    0x6f, 0x8d, 0xae, 0x3e, 0x8b, 0xea, 0x2c, 0xb8,
    0xb2, 0x42, 0xc9, 0xb, 0xea, 0x2c, 0x6c, 0xb1,
    0x10,

    /* U+505C "停" */
    0x18, 0x60, 0x2f, 0xfc, 0xc0, 0x1, 0x1f, 0xe6,
    0x20, 0xdc, 0x7f, 0xa8, 0x0, 0x13, 0xff, 0x24,
    0x2, 0x4f, 0xf4, 0x81, 0x81, 0x3, 0x2, 0x6,
    0x4, 0x38, 0x0,

    /* U+50CF "像" */
    0x1b, 0x0, 0x27, 0xe0, 0xd1, 0x81, 0xff, 0xe6,
    0x4c, 0x5c, 0xff, 0x88, 0xe0, 0x13, 0x46, 0x29,
    0xf8, 0x4e, 0xb0, 0xb3, 0xb1, 0x1b, 0x62, 0xe4,
    0x64, 0x38, 0x0,

    /* U+513F "儿" */
    0x8, 0x60, 0x10, 0xc0, 0x21, 0x80, 0x43, 0x0,
    0x86, 0x1, 0xc, 0x2, 0x18, 0x4, 0x30, 0x8,
    0x60, 0x30, 0xc0, 0x41, 0x89, 0x83, 0x12, 0x6,
    0x28, 0xf, 0x80,

    /* U+5148 "先" */
    0x13, 0x0, 0xcc, 0x3, 0xff, 0x98, 0xc0, 0x43,
    0x0, 0xc, 0xf, 0xff, 0xc2, 0x30, 0x8, 0xc0,
    0x23, 0x1, 0x8c, 0xc, 0x31, 0x60, 0xc7, 0x1,
    0xf0,

    /* U+5149 "光" */
    0x3, 0x1, 0x8c, 0x63, 0x31, 0xc, 0xcc, 0x13,
    0x20, 0xc, 0xf, 0xff, 0xc3, 0x30, 0x8, 0xc0,
    0x23, 0x1, 0x8c, 0xc, 0x31, 0x60, 0xc7, 0x1,
    0xf0,

    /* U+5165 "入" */
    0x8, 0x0, 0x30, 0x0, 0x60, 0x0, 0xc0, 0x3,
    0x0, 0xe, 0x0, 0x6c, 0x1, 0xb0, 0xc, 0x60,
    0x31, 0x81, 0x83, 0xc, 0x6, 0xe0, 0xf, 0x0,
    0x10,

    /* U+5168 "全" */
    0x1, 0x80, 0x1, 0x80, 0x3, 0xc0, 0xe, 0x60,
    0x1c, 0x38, 0x70, 0xe, 0x5f, 0xfa, 0x1, 0x80,
    0x1, 0x80, 0x1f, 0xf8, 0x1, 0x80, 0x1, 0x80,
    0x1, 0x80, 0x7f, 0xfe,

    /* U+516B "八" */
    0x8, 0xc0, 0x11, 0x80, 0x21, 0x0, 0xc2, 0x1,
    0x84, 0x3, 0xc, 0x4, 0x18, 0x18, 0x10, 0x30,
    0x30, 0x40, 0x61, 0x80, 0x66, 0x0, 0x68, 0x0,
    0xc0,

    /* U+516C "公" */
    0xc, 0xc0, 0x61, 0x81, 0x86, 0xc, 0xc, 0x62,
    0x1b, 0x8c, 0x34, 0x60, 0x41, 0x0, 0xc, 0x40,
    0x61, 0x83, 0x3, 0x1f, 0xfe, 0x7f, 0xd8, 0x0,
    0x30,

    /* U+516D "六" */
    0x6, 0x0, 0xc, 0x0, 0x30, 0x0, 0x40, 0xff,
    0xfc, 0x0, 0x0, 0x0, 0x6, 0x10, 0x18, 0x60,
    0xc0, 0xc3, 0x1, 0x18, 0x6, 0xc0, 0xd, 0x0,
    0x20,

    /* U+5171 "共" */
    0x18, 0x60, 0x61, 0x81, 0x86, 0x1f, 0xfe, 0x18,
    0x60, 0x61, 0x81, 0x86, 0x6, 0x18, 0xff, 0xfc,
    0x0, 0x0, 0xcc, 0xe, 0x1c, 0x70, 0x19, 0x0,
    0x20,

    /* U+5173 "关" */
    0x30, 0x30, 0x61, 0x80, 0x84, 0x1f, 0xfe, 0x3,
    0x0, 0xc, 0x0, 0x30, 0x3f, 0xff, 0x3, 0x80,
    0x1e, 0x0, 0xcc, 0xe, 0x1c, 0xf0, 0x3f, 0x0,
    0x30,

    /* U+5174 "兴" */
    0x4, 0xf, 0x18, 0x24, 0x21, 0x98, 0xc4, 0x23,
    0x30, 0xc1, 0x80, 0x2, 0x3f, 0xff, 0x0, 0x0,
    0x61, 0x83, 0x3, 0x1c, 0x6, 0xe0, 0xc, 0x0,
    0x20,

    /* U+5176 "其" */
    0x10, 0x23, 0xff, 0xf1, 0x2, 0x4, 0x8, 0x1f,
    0xe0, 0x40, 0x81, 0x2, 0x7, 0xf8, 0x10, 0x20,
    0x40, 0x8f, 0xff, 0xc2, 0x10, 0x3c, 0xf3, 0x80,
    0x70,

    /* U+5185 "内" */
    0x3, 0x0, 0x18, 0x3f, 0xff, 0x86, 0x1c, 0x30,
    0xe1, 0x87, 0x1e, 0x38, 0xd9, 0xcc, 0x6e, 0xc1,
    0xf4, 0xb, 0x80, 0x1c, 0x0, 0xe0, 0x1c,

    /* U+518D "再" */
    0x7f, 0xfc, 0x2, 0x0, 0x4, 0x1, 0xff, 0xc2,
    0x10, 0x84, 0x21, 0xf, 0xfe, 0x10, 0x84, 0x21,
    0x9, 0xff, 0xfc, 0x80, 0x21, 0x0, 0x42, 0x0,
    0x84, 0xf, 0x0,

    /* U+5199 "写" */
    0xff, 0xfc, 0x80, 0xe4, 0x6, 0x20, 0x3, 0xfe,
    0x18, 0x0, 0xc0, 0x7, 0xfc, 0x0, 0x60, 0x3,
    0x3f, 0xd8, 0x0, 0xc0, 0x4, 0x1, 0xe0,

    /* U+519B "军" */
    0xff, 0xfc, 0x20, 0x63, 0x2, 0x18, 0x7, 0xff,
    0xc, 0x0, 0xc4, 0x7, 0xfe, 0x1, 0x0, 0x8,
    0x0, 0x41, 0xff, 0xf0, 0x10, 0x0, 0x80,

    /* U+519C "农" */
    0x1, 0x80, 0x3, 0x1, 0xff, 0xf2, 0x18, 0x64,
    0x30, 0xc0, 0xf0, 0x3, 0x26, 0xc, 0x58, 0x78,
    0xe1, 0x90, 0xc0, 0x20, 0xc0, 0x4d, 0xc0, 0xf9,
    0xc3, 0x80, 0x80,

    /* U+51B2 "冲" */
    0x0, 0xc0, 0x81, 0x81, 0xc3, 0x1, 0xbf, 0xf0,
    0x4c, 0x60, 0x98, 0xc1, 0x31, 0x8a, 0x63, 0x37,
    0xfe, 0x69, 0x8d, 0x83, 0x6, 0x6, 0x4, 0xc,
    0x0, 0x18, 0x0,

    /* U+51B3 "决" */
    0x0, 0x83, 0x2, 0x6, 0x7f, 0x88, 0x26, 0x0,
    0x98, 0x2, 0x60, 0x9, 0x8b, 0xff, 0x21, 0xc1,
    0x85, 0x84, 0x36, 0x31, 0x8c, 0x8c, 0x1c, 0x20,
    0x30,

    /* U+51C6 "准" */
    0x2, 0x23, 0x8, 0x84, 0x62, 0x19, 0xff, 0x2c,
    0x20, 0x70, 0x81, 0x7f, 0xc1, 0x8, 0x34, 0x20,
    0x9f, 0xf6, 0x42, 0x11, 0x8, 0xc7, 0xfc, 0x10,
    0x0,

    /* U+51E0 "几" */
    0x1f, 0xe0, 0x61, 0x81, 0x86, 0x6, 0x18, 0x18,
    0x60, 0x61, 0x81, 0x86, 0x6, 0x18, 0x18, 0x60,
    0xc1, 0x83, 0x6, 0x4c, 0x19, 0x60, 0x67, 0x1,
    0xe0,

    /* U+51FA "出" */
    0x3, 0x3, 0x19, 0x98, 0xcc, 0xc6, 0x66, 0x33,
    0x3f, 0xf8, 0xc, 0x18, 0x63, 0xc3, 0x1e, 0x18,
    0xf0, 0xc7, 0x86, 0x3f, 0xff, 0x80, 0xc,

    /* U+5206 "分" */
    0x0, 0x20, 0x18, 0xc0, 0x30, 0xc0, 0xc0, 0xc3,
    0x0, 0xce, 0x1, 0xd7, 0xfe, 0x83, 0xc, 0x6,
    0x18, 0xc, 0x30, 0x30, 0x60, 0x60, 0xc3, 0x83,
    0xc, 0x1e, 0x0,

    /* U+5207 "切" */
    0x20, 0x0, 0x9f, 0xf2, 0x4, 0xcf, 0x13, 0xfc,
    0x4f, 0x81, 0x32, 0x4, 0xc8, 0x33, 0x20, 0x8c,
    0xb2, 0x33, 0x98, 0xc8, 0x43, 0x6, 0xc, 0x30,
    0xe0,

    /* U+521A "刚" */
    0xff, 0xc, 0xb, 0x61, 0x5b, 0x4a, 0xdb, 0xd6,
    0xcc, 0xb6, 0x65, 0xb3, 0x2d, 0x9d, 0x6d, 0xab,
    0x69, 0xc3, 0xc2, 0x18, 0x10, 0xc3, 0x9c,

    /* U+5229 "利" */
    0x1f, 0x7, 0xe1, 0x91, 0x86, 0x46, 0x19, 0xff,
    0x64, 0x61, 0x93, 0x86, 0x4f, 0x19, 0x7f, 0x65,
    0x6d, 0x9d, 0x80, 0x66, 0x1, 0x18, 0x4, 0x60,
    0xf0,

    /* U+522B "别" */
    0x7e, 0x5, 0x9, 0x14, 0x24, 0x50, 0x91, 0x7e,
    0x45, 0xf9, 0x11, 0x4, 0x7f, 0x91, 0x12, 0x44,
    0xc9, 0x13, 0x20, 0x48, 0x81, 0x62, 0x7, 0x38,
    0xf0,

    /* U+5230 "到" */
    0xff, 0x9, 0xa2, 0x59, 0x92, 0x8c, 0x97, 0xf4,
    0x80, 0x24, 0x61, 0x3f, 0xe9, 0x18, 0x48, 0xc2,
    0x46, 0x42, 0x3e, 0x1f, 0xe0, 0xc0, 0x1c,

    /* U+523B "刻" */
    0x8, 0x7, 0xfe, 0xdf, 0xfb, 0x4c, 0x8d, 0x63,
    0x37, 0xf8, 0xd0, 0xc3, 0x46, 0x6d, 0x33, 0x37,
    0x98, 0xd0, 0xe0, 0x46, 0xc1, 0x71, 0x87, 0x0,
    0x70,

    /* U+524D "前" */
    0x0, 0x0, 0x40, 0xc1, 0x86, 0x3f, 0xff, 0x0,
    0x0, 0x0, 0x27, 0xec, 0x91, 0xb2, 0x7e, 0xc9,
    0x1b, 0x24, 0x6c, 0x9f, 0xb2, 0x46, 0x9, 0x18,
    0x24, 0xc3, 0x80,

    /* U+529B "力" */
    0x3, 0x0, 0xc, 0x0, 0x30, 0x1f, 0xff, 0x3,
    0xc, 0xc, 0x30, 0x70, 0xc1, 0x83, 0x6, 0xc,
    0x30, 0x31, 0xc0, 0xc6, 0x2, 0x70, 0x1b, 0x1,
    0xe0,

    /* U+529E "办" */
    0x3, 0x0, 0x6, 0x0, 0xc, 0x3, 0xff, 0x80,
    0x33, 0x4, 0x67, 0x8c, 0xcd, 0x13, 0x1b, 0x66,
    0x37, 0x8c, 0x64, 0x30, 0xc8, 0xc1, 0x83, 0x7,
    0x1c, 0x3c, 0x0,

    /* U+529F "功" */
    0x0, 0xc3, 0xe3, 0xf, 0x8c, 0x8, 0xff, 0x20,
    0xcc, 0x83, 0x32, 0xc, 0xc8, 0x33, 0x2d, 0x8d,
    0xf6, 0x3e, 0x30, 0xc0, 0xc3, 0x6, 0xc, 0x31,
    0xe0,

    /* U+52A0 "加" */
    0x10, 0x0, 0x20, 0x0, 0x41, 0xfb, 0xf2, 0x31,
    0x24, 0x62, 0x48, 0xc4, 0x91, 0x89, 0x23, 0x12,
    0x46, 0x44, 0x8c, 0x89, 0x19, 0x12, 0x36, 0x27,
    0xf9, 0x88, 0xc0,

    /* U+52A8 "动" */
    0x0, 0x41, 0xf9, 0x0, 0x4, 0x0, 0x7f, 0x1,
    0xff, 0xf9, 0x33, 0x4, 0xc9, 0x13, 0x64, 0x4d,
    0x9a, 0x35, 0xe8, 0xfe, 0xa3, 0x1, 0xc, 0xd,
    0xe0,

    /* U+52B3 "劳" */
    0x18, 0x63, 0xff, 0xff, 0xff, 0xc6, 0x18, 0xff,
    0xff, 0x0, 0x30, 0x60, 0x1, 0x80, 0x7f, 0xf8,
    0x18, 0x60, 0xc1, 0x83, 0x4, 0x38, 0x13, 0x83,
    0xc0,

    /* U+5305 "包" */
    0xc, 0x0, 0x60, 0x1, 0xff, 0x8c, 0x2, 0x60,
    0x9, 0xfe, 0x21, 0x8, 0x84, 0x22, 0x1f, 0x88,
    0x40, 0xc1, 0x0, 0x44, 0x1, 0x10, 0x4, 0x3f,
    0xf0,

    /* U+5316 "化" */
    0xc, 0xc0, 0x19, 0x80, 0x63, 0x10, 0xc6, 0x23,
    0x8c, 0xcf, 0x1b, 0x16, 0x3c, 0xc, 0x70, 0x19,
    0xc0, 0x3f, 0x80, 0x6b, 0x8, 0xc6, 0x11, 0x8c,
    0x23, 0x1f, 0x80,

    /* U+5317 "北" */
    0xc, 0xc0, 0x19, 0x80, 0x33, 0x0, 0x66, 0x2f,
    0xcd, 0xc1, 0x9e, 0x3, 0x30, 0x6, 0x60, 0xc,
    0xc0, 0x19, 0x81, 0xf3, 0xf, 0x66, 0x18, 0xcc,
    0x21, 0x9f, 0x80,

    /* U+533A "区" */
    0xff, 0xfc, 0x0, 0x20, 0x19, 0x70, 0x89, 0xcc,
    0x47, 0xc2, 0x1c, 0x10, 0xf0, 0x8f, 0xc4, 0xe7,
    0x2e, 0x19, 0x40, 0x48, 0x0, 0x7f, 0xfc,

    /* U+5341 "十" */
    0x3, 0x0, 0xc, 0x0, 0x30, 0x0, 0xc0, 0x3,
    0x0, 0xc, 0xf, 0xff, 0xc0, 0xc0, 0x3, 0x0,
    0xc, 0x0, 0x30, 0x0, 0xc0, 0x3, 0x0, 0xc,
    0x0,

    /* U+5343 "千" */
    0x0, 0x70, 0x7f, 0x87, 0xf0, 0x0, 0xc0, 0x3,
    0x0, 0xc, 0xf, 0xff, 0xc0, 0xc0, 0x3, 0x0,
    0xc, 0x0, 0x30, 0x0, 0xc0, 0x3, 0x0, 0xc,
    0x0,

    /* U+534A "半" */
    0x23, 0x10, 0x8c, 0x43, 0x33, 0x4, 0xc8, 0x3,
    0x1, 0xff, 0xe0, 0x30, 0x0, 0xc0, 0x3, 0x3,
    0xff, 0xf0, 0x30, 0x0, 0xc0, 0x3, 0x0, 0xc,
    0x0,

    /* U+5357 "南" */
    0x3, 0x3, 0xff, 0xf0, 0x30, 0x0, 0xc0, 0x7f,
    0xf9, 0x21, 0x24, 0xcc, 0x91, 0x22, 0x5f, 0xe9,
    0xc, 0x25, 0xfe, 0x90, 0xc2, 0x43, 0x9, 0xc,
    0xe0,

    /* U+5374 "却" */
    0x10, 0xf8, 0x84, 0x7f, 0xa2, 0x21, 0x11, 0x8,
    0x88, 0x47, 0xfa, 0x26, 0x11, 0x34, 0x89, 0x24,
    0x59, 0xa3, 0xbd, 0x76, 0x28, 0x0, 0x40,

    /* U+5386 "历" */
    0x7f, 0xfe, 0xc0, 0x1, 0x80, 0x3, 0xc, 0x6,
    0x18, 0xf, 0xff, 0x98, 0x63, 0x30, 0x86, 0x63,
    0xc, 0xc6, 0x19, 0x88, 0x32, 0x30, 0x6c, 0xc1,
    0x9b, 0xf, 0x0,

    /* U+538B "压" */
    0x7f, 0xfd, 0x0, 0x4, 0x18, 0x10, 0x60, 0x41,
    0x81, 0x6, 0x5, 0xff, 0x90, 0x60, 0x41, 0xa1,
    0x6, 0xc4, 0x19, 0x30, 0x60, 0xbf, 0xfc, 0x0,
    0x0,

    /* U+539F "原" */
    0x7f, 0xfd, 0x2, 0x4, 0x18, 0x13, 0xfe, 0x48,
    0x19, 0x20, 0x64, 0xff, 0x92, 0x6, 0x4f, 0xf9,
    0x2, 0x4, 0xcb, 0x36, 0x24, 0xb8, 0x8a, 0x4e,
    0x0,

    /* U+53BB "去" */
    0x3, 0x0, 0xc, 0x7, 0xff, 0x80, 0xc0, 0x3,
    0x0, 0xc, 0xf, 0xff, 0xc3, 0x0, 0xc, 0x40,
    0x61, 0x83, 0x3, 0x1f, 0xfe, 0x7f, 0x18, 0x0,
    0x0,

    /* U+53C8 "又" */
    0x7f, 0xf8, 0x80, 0x43, 0x3, 0x4, 0xc, 0x18,
    0x60, 0x21, 0x80, 0xcc, 0x1, 0xe0, 0x3, 0x0,
    0x1e, 0x1, 0xce, 0x3c, 0xf, 0xc0, 0xc,

    /* U+53CB "友" */
    0x6, 0x0, 0xc, 0x1, 0xff, 0xf8, 0x20, 0x0,
    0x40, 0x1, 0x80, 0x3, 0xfe, 0x7, 0xc, 0x1b,
    0x10, 0x32, 0x60, 0xc7, 0x81, 0x87, 0x6, 0x3b,
    0x89, 0xc1, 0xc0,

    /* U+53CD "反" */
    0x0, 0x38, 0x7f, 0xc0, 0xc0, 0x1, 0x80, 0x3,
    0x0, 0x7, 0xff, 0x8d, 0x82, 0x19, 0xc, 0x33,
    0x30, 0x62, 0x60, 0xc7, 0x83, 0xf, 0x6, 0x73,
    0x99, 0xc3, 0xd0, 0x0, 0x0,

    /* U+53D1 "发" */
    0x1, 0x0, 0x33, 0x30, 0x66, 0x30, 0x88, 0x3,
    0xff, 0xe0, 0x60, 0x0, 0xc0, 0x3, 0xfe, 0x6,
    0x18, 0x1e, 0x30, 0x66, 0xc1, 0x87, 0x6, 0x1f,
    0x1, 0xe3, 0xc1, 0x1, 0x80,

    /* U+53D4 "叔" */
    0x10, 0x0, 0x23, 0xf8, 0x7b, 0x10, 0x86, 0x61,
    0x4, 0xdf, 0xe9, 0x6, 0x1a, 0x2f, 0x3c, 0x5a,
    0x30, 0xb4, 0x63, 0x6d, 0xc4, 0xc3, 0xc1, 0x9c,
    0xc6, 0x20, 0xc0,

    /* U+53D6 "取" */
    0xfe, 0x1, 0x10, 0x4, 0x5f, 0xd1, 0x23, 0x7c,
    0x89, 0x13, 0x24, 0x45, 0x9f, 0x14, 0x44, 0x71,
    0x10, 0xcf, 0xe7, 0x39, 0x36, 0x5, 0x8c, 0x14,
    0x10,

    /* U+53D7 "受" */
    0x0, 0x77, 0xfe, 0x18, 0x8c, 0x44, 0x63, 0x32,
    0x7f, 0xfe, 0x0, 0x30, 0x1, 0x3f, 0xe0, 0x83,
    0x6, 0x30, 0x1f, 0x0, 0xf8, 0x7c, 0x7f, 0x0,
    0x60,

    /* U+53D8 "变" */
    0x2, 0x0, 0xc, 0xf, 0xff, 0xc3, 0x30, 0x2c,
    0xf1, 0xb3, 0x6c, 0xcc, 0xc3, 0x30, 0x0, 0x1,
    0xff, 0xc1, 0x3, 0x3, 0x38, 0x7, 0x80, 0x7f,
    0x8f, 0x87, 0xc0,

    /* U+53E3 "口" */
    0xff, 0xfe, 0x0, 0xf0, 0x7, 0x80, 0x3c, 0x1,
    0xe0, 0xf, 0x0, 0x78, 0x3, 0xc0, 0x1e, 0x0,
    0xff, 0xff, 0x80, 0x3c, 0x1, 0x80,

    /* U+53E4 "古" */
    0x3, 0x0, 0xc, 0x0, 0x30, 0x3f, 0xff, 0x3,
    0x0, 0xc, 0x0, 0x30, 0xf, 0xfc, 0x20, 0x10,
    0x80, 0x42, 0x1, 0x8, 0x4, 0x3f, 0xf0, 0x80,
    0x40,

    /* U+53E5 "句" */
    0x18, 0x0, 0x60, 0x1, 0xff, 0xcc, 0x3, 0x20,
    0xd, 0x80, 0x3d, 0xf8, 0xc4, 0x23, 0x10, 0x8c,
    0x42, 0x31, 0xf8, 0xc4, 0x3, 0x10, 0x18, 0x3,
    0xe0,

    /* U+53EA "只" */
    0x3f, 0xf8, 0x60, 0x30, 0xc0, 0x61, 0x80, 0xc3,
    0x1, 0x86, 0x3, 0xf, 0xfe, 0x0, 0x0, 0x0,
    0x40, 0x18, 0xc0, 0x60, 0xe3, 0x80, 0x66, 0x0,
    0x40,

    /* U+53EB "叫" */
    0x0, 0x1f, 0xd8, 0xe2, 0xc7, 0x16, 0x38, 0xb1,
    0xc5, 0x8e, 0x2c, 0x71, 0x63, 0x8b, 0x1f, 0xdf,
    0xe0, 0xc6, 0x0, 0x30, 0x1, 0x80, 0xc,

    /* U+53EF "可" */
    0xff, 0xfc, 0x0, 0x40, 0x1, 0xf, 0xc4, 0x21,
    0x10, 0x84, 0x42, 0x11, 0x8, 0x44, 0x3f, 0x10,
    0x80, 0x40, 0x1, 0x0, 0x4, 0x0, 0xf0,

    /* U+53F2 "史" */
    0x3, 0x0, 0xc, 0x7, 0xff, 0x90, 0xc6, 0x43,
    0x19, 0xc, 0x67, 0xff, 0x80, 0xc0, 0x23, 0x0,
    0xdc, 0x1, 0xe0, 0x7, 0x0, 0x3f, 0x83, 0x83,
    0xf0,

    /* U+53F6 "叶" */
    0x0, 0xc7, 0x86, 0x24, 0x31, 0x21, 0x89, 0xc,
    0x4f, 0xfe, 0x43, 0x12, 0x18, 0x90, 0xc7, 0x86,
    0x20, 0x30, 0x1, 0x80, 0xc, 0x0, 0x60,

    /* U+5403 "吃" */
    0x1, 0x83, 0xc4, 0x9, 0x3f, 0xa5, 0x80, 0x9c,
    0x2, 0x4f, 0xe9, 0x3, 0x24, 0x38, 0x91, 0xc3,
    0xce, 0x8, 0x30, 0x61, 0x81, 0x6, 0x4, 0xf,
    0xe0,

    /* U+5404 "各" */
    0x2, 0x0, 0x6, 0x0, 0xf, 0xfc, 0x1c, 0x38,
    0x36, 0x70, 0x63, 0xe0, 0x1, 0xc0, 0x7, 0xe0,
    0x3c, 0x3c, 0x70, 0xe, 0x1f, 0xf8, 0x18, 0x18,
    0x18, 0x18, 0x1f, 0xf8, 0x18, 0x18,

    /* U+5408 "合" */
    0x3, 0x0, 0xc, 0x0, 0xf8, 0x7, 0x38, 0x78,
    0x7b, 0xff, 0xf0, 0x0, 0x0, 0x0, 0x3f, 0xf0,
    0xc0, 0xc3, 0x3, 0xc, 0xc, 0x3f, 0xf0, 0xc0,
    0xc0,

    /* U+540C "同" */
    0xff, 0xfc, 0x0, 0x60, 0x3, 0x7f, 0x98, 0x0,
    0xc0, 0x6, 0x7e, 0x32, 0x11, 0x90, 0x8c, 0x84,
    0x67, 0xe3, 0x20, 0x18, 0x0, 0xc0, 0x3c,

    /* U+540D "名" */
    0x4, 0x0, 0x60, 0x7, 0xfe, 0x60, 0x6e, 0x7,
    0x2c, 0x70, 0x37, 0x0, 0xf0, 0xe, 0x3, 0xff,
    0xf4, 0x6, 0x20, 0x31, 0x1, 0x8f, 0xfc, 0x40,
    0x60,

    /* U+540E "后" */
    0x0, 0xfc, 0x7f, 0xc0, 0xc0, 0x1, 0x80, 0x3,
    0xff, 0xe6, 0x0, 0xc, 0x0, 0x18, 0x0, 0x37,
    0xfc, 0x68, 0x19, 0x90, 0x33, 0x20, 0x6e, 0x7f,
    0xc8, 0x81, 0x80,

    /* U+5411 "向" */
    0x6, 0x0, 0xc0, 0xc, 0xf, 0xff, 0x80, 0x18,
    0x1, 0x9f, 0x99, 0x9, 0x90, 0x99, 0x9, 0x9f,
    0x99, 0x1, 0x80, 0x18, 0x7,

    /* U+5417 "吗" */
    0x7, 0xf7, 0x80, 0xa4, 0x5, 0x24, 0x29, 0x21,
    0x49, 0x1a, 0x48, 0xd2, 0x7f, 0x90, 0xf, 0x80,
    0x61, 0xfa, 0x0, 0x10, 0x1, 0x80, 0x38,

    /* U+5427 "吧" */
    0x3, 0xfb, 0xc9, 0x29, 0x24, 0xa4, 0x92, 0x92,
    0x4a, 0x49, 0x29, 0x24, 0xa4, 0xfe, 0x92, 0x3,
    0xc8, 0x8, 0x20, 0x80, 0x83, 0x2, 0x8, 0xf,
    0xe0,

    /* U+542C "听" */
    0x0, 0x7b, 0xcf, 0x89, 0x30, 0x24, 0xc0, 0x93,
    0x2, 0x4f, 0xf9, 0x33, 0x24, 0xcc, 0x93, 0x33,
    0xcc, 0xc8, 0x63, 0x1, 0x8c, 0xe, 0x30, 0x10,
    0xc0,

    /* U+542F "启" */
    0x1, 0x0, 0x6, 0x3, 0xff, 0xcc, 0x3, 0x30,
    0xc, 0xff, 0xf3, 0x0, 0xc, 0x0, 0x37, 0xfc,
    0xd0, 0x32, 0x40, 0xd9, 0x3, 0x67, 0xfd, 0x10,
    0x30,

    /* U+5440 "呀" */
    0x7, 0xff, 0xc0, 0x49, 0x21, 0x24, 0x84, 0x92,
    0x12, 0x58, 0x49, 0x7f, 0xe4, 0x1c, 0x90, 0xd3,
    0xc7, 0x48, 0x39, 0x3, 0x84, 0xc, 0x10, 0x3,
    0xc0,

    /* U+544A "告" */
    0x11, 0x0, 0xc4, 0x3, 0xff, 0x98, 0x40, 0xc1,
    0x1, 0x4, 0xf, 0xff, 0xc0, 0x0, 0x3f, 0xf0,
    0x80, 0x42, 0x1, 0x8, 0x4, 0x3f, 0xf0, 0x80,
    0x40,

    /* U+5458 "员" */
    0x3f, 0xf0, 0xc0, 0xc3, 0x3, 0xf, 0xfc, 0x0,
    0x0, 0x0, 0x7, 0xff, 0x98, 0x6, 0x63, 0x19,
    0x8c, 0x66, 0x31, 0x81, 0xb0, 0x3c, 0x7b, 0xc0,
    0x70,

    /* U+5462 "呢" */
    0x7, 0xfb, 0xd0, 0x29, 0x40, 0xa5, 0x2, 0x97,
    0xfa, 0x50, 0x9, 0x48, 0x25, 0x26, 0x94, 0xf3,
    0xd2, 0x8, 0x48, 0x82, 0x23, 0x8, 0x88, 0x63,
    0xe0,

    /* U+547C "呼" */
    0x0, 0xfb, 0xdf, 0x9, 0x24, 0xe4, 0x92, 0x92,
    0x5a, 0x4d, 0x69, 0x35, 0x25, 0xff, 0x97, 0xff,
    0xc1, 0x8, 0x4, 0x0, 0x10, 0x0, 0x40, 0x7,
    0x0,

    /* U+547D "命" */
    0x0, 0x0, 0xc, 0x0, 0xd8, 0x6, 0x38, 0x70,
    0x7b, 0x7f, 0x70, 0x0, 0x1f, 0x7e, 0x4d, 0x89,
    0x36, 0x24, 0xd8, 0x9f, 0x62, 0x7d, 0xb9, 0x6,
    0x0, 0x18, 0x0,

    /* U+548C "和" */
    0x1e, 0x3, 0xc7, 0xf1, 0x18, 0xc4, 0x63, 0xff,
    0x8c, 0xe6, 0x33, 0x98, 0xcf, 0x63, 0x77, 0x8d,
    0x4e, 0x39, 0x18, 0xe4, 0x7f, 0x11, 0x8c, 0x40,
    0x0,

    /* U+54B1 "咱" */
    0x0, 0x47, 0x86, 0x24, 0xff, 0x24, 0x19, 0x20,
    0xc9, 0xfe, 0x48, 0x32, 0x41, 0x93, 0xff, 0x9f,
    0xe0, 0x83, 0x4, 0x10, 0x3f, 0x81, 0x4,

    /* U+54CD "响" */
    0x0, 0x40, 0x2, 0x3c, 0x31, 0x2f, 0xf9, 0x40,
    0xca, 0x6, 0x53, 0xb2, 0x95, 0x94, 0xaf, 0xa5,
    0x7d, 0x3b, 0x9, 0x10, 0x40, 0x82, 0x4, 0x10,
    0x60,

    /* U+54E5 "哥" */
    0xff, 0xfc, 0x0, 0x43, 0xf9, 0x8, 0x24, 0x20,
    0x90, 0xfe, 0x40, 0x1, 0x3f, 0xff, 0x0, 0x10,
    0xfe, 0x42, 0x19, 0xf, 0xe4, 0x20, 0x10, 0x1,
    0xc0,

    /* U+54EA "哪" */
    0xf, 0xbf, 0x92, 0x9a, 0x4a, 0x69, 0x2b, 0xaf,
    0xaa, 0x92, 0xaa, 0x4a, 0xa9, 0x29, 0xaf, 0xa7,
    0x92, 0x98, 0xca, 0x43, 0x2b, 0x18, 0xa0, 0x6c,
    0x80,

    /* U+5531 "唱" */
    0x7, 0xfb, 0xd0, 0x6f, 0x41, 0xa5, 0xfe, 0x94,
    0x1a, 0x5f, 0xe9, 0x0, 0x25, 0xff, 0xf4, 0xf,
    0xd0, 0x38, 0x7f, 0xe1, 0x3, 0x7, 0xfc, 0x10,
    0x30,

    /* U+554A "啊" */
    0xef, 0xff, 0xa4, 0x2a, 0xa0, 0xaa, 0xba, 0xaa,
    0xaa, 0xaa, 0xaa, 0x9a, 0xaa, 0x6a, 0xa9, 0xab,
    0xa7, 0xa8, 0xb8, 0xa2, 0x2, 0x8, 0x8, 0x20,
    0xe0,

    /* U+5566 "啦" */
    0x4, 0x23, 0x90, 0x8e, 0x40, 0x2b, 0xbf, 0xa4,
    0xa, 0x92, 0x2a, 0x4c, 0xa9, 0xb6, 0xac, 0x5b,
    0x91, 0x68, 0x45, 0x21, 0x14, 0x4, 0x10, 0x37,
    0xf0,

    /* U+5634 "嘴" */
    0x5, 0x2b, 0x97, 0xca, 0x56, 0x6b, 0xff, 0xa9,
    0x2, 0x8f, 0xca, 0x62, 0x2b, 0xfe, 0xa6, 0x4b,
    0x9f, 0xee, 0x64, 0xa1, 0xfe, 0xc, 0x48, 0x31,
    0x60,

    /* U+56DB "四" */
    0xff, 0xfc, 0x48, 0xe2, 0x47, 0x12, 0x38, 0x91,
    0xcc, 0x8e, 0x44, 0x76, 0x3f, 0xa0, 0x1c, 0x0,
    0xff, 0xff, 0x0, 0x30,

    /* U+56DE "回" */
    0xff, 0xff, 0x0, 0x3c, 0x0, 0xf0, 0x3, 0xcf,
    0xcf, 0x23, 0x3c, 0x8c, 0xf2, 0x33, 0xc8, 0xcf,
    0x3f, 0x3c, 0x0, 0xf0, 0x3, 0xff, 0xff, 0x0,
    0x30,

    /* U+56E0 "因" */
    0xff, 0xfc, 0x0, 0x60, 0x3, 0x4, 0x18, 0x20,
    0xdf, 0xf6, 0x8, 0x30, 0xe1, 0x85, 0x8c, 0x66,
    0x6e, 0x1b, 0x0, 0x1f, 0xff, 0xc0, 0x4,

    /* U+56E2 "团" */
    0xff, 0xff, 0x0, 0x3c, 0x8, 0xf0, 0x23, 0xdf,
    0xef, 0x6, 0x3c, 0x38, 0xf1, 0xa3, 0xdc, 0x8f,
    0x42, 0x3c, 0x38, 0xf0, 0x3, 0xff, 0xff, 0x0,
    0x30,

    /* U+56F4 "围" */
    0xff, 0xfc, 0x10, 0x60, 0x83, 0x7f, 0xd8, 0x20,
    0xcf, 0xe6, 0x8, 0x30, 0x41, 0xbf, 0xec, 0x13,
    0x60, 0xbb, 0x4, 0x1f, 0xff, 0xc0, 0x4,

    /* U+56FD "国" */
    0xff, 0xff, 0x0, 0x3c, 0x0, 0xf7, 0xfb, 0xc2,
    0xf, 0x8, 0x3d, 0xfc, 0xf0, 0xa3, 0xc2, 0xcf,
    0x9, 0x3d, 0xfe, 0xf0, 0x3, 0xff, 0xff, 0x0,
    0x30,

    /* U+571F "土" */
    0x3, 0x0, 0xc, 0x0, 0x30, 0x0, 0xc0, 0x3,
    0x1, 0xff, 0xe0, 0x30, 0x0, 0xc0, 0x3, 0x0,
    0xc, 0x0, 0x30, 0x0, 0xc0, 0xff, 0xfc,

    /* U+5728 "在" */
    0x6, 0x0, 0x10, 0xf, 0xff, 0xc6, 0x0, 0x18,
    0x0, 0xc3, 0x7, 0xc, 0x39, 0xfe, 0xa0, 0xc0,
    0x83, 0x2, 0xc, 0x8, 0x30, 0x20, 0xc0, 0xbf,
    0xf0,

    /* U+5730 "地" */
    0x20, 0x40, 0x44, 0x80, 0x89, 0x1, 0x12, 0x6f,
    0xa7, 0xc4, 0x78, 0x8b, 0x91, 0x11, 0x22, 0x22,
    0x44, 0x74, 0xbb, 0xc9, 0x6, 0x10, 0x10, 0x20,
    0x60, 0x3f, 0x80,

    /* U+573A "场" */
    0x27, 0xf0, 0x81, 0x82, 0xc, 0x3e, 0x60, 0xfb,
    0x0, 0x9f, 0xf2, 0x1a, 0xc8, 0x5b, 0x23, 0x4c,
    0xf9, 0x37, 0xc8, 0xf0, 0x63, 0x3, 0x18, 0x19,
    0xe0,

    /* U+5750 "坐" */
    0x3, 0x0, 0x4c, 0xc3, 0x32, 0xc, 0xd8, 0x7b,
    0x71, 0x3f, 0x6c, 0x38, 0xc0, 0xc0, 0x7f, 0xf8,
    0xc, 0x0, 0x30, 0x0, 0xc0, 0xff, 0xfc,

    /* U+5757 "块" */
    0x20, 0x80, 0x82, 0x2, 0x8, 0x8, 0xfe, 0xf8,
    0x88, 0x82, 0x22, 0x8, 0x89, 0xff, 0x38, 0xc1,
    0xe7, 0x8e, 0x12, 0x0, 0xcc, 0x6, 0x1c, 0x30,
    0x30,

    /* U+575A "坚" */
    0xb, 0xf9, 0x24, 0x64, 0x99, 0x92, 0x2c, 0x48,
    0xe1, 0x23, 0xc4, 0xbb, 0xc2, 0xc7, 0x0, 0x0,
    0xff, 0xc0, 0x30, 0x0, 0xc0, 0x3, 0x3, 0xff,
    0xf0,

    /* U+57CE "城" */
    0x20, 0x38, 0x80, 0xb2, 0x7f, 0xfd, 0x8, 0xf4,
    0x20, 0x9e, 0xb2, 0x4a, 0x89, 0x2a, 0x24, 0xb8,
    0x92, 0xc3, 0xcb, 0x39, 0xed, 0x8, 0x74, 0x62,
    0x70,

    /* U+58EB "士" */
    0x3, 0x0, 0xc, 0x0, 0x30, 0x0, 0xc0, 0x3,
    0x3, 0xff, 0xf0, 0x30, 0x0, 0xc0, 0x3, 0x0,
    0xc, 0x0, 0x30, 0x0, 0xc0, 0x7f, 0xf8,

    /* U+58F0 "声" */
    0x1, 0x80, 0xff, 0xfc, 0x6, 0x0, 0xc, 0x3,
    0xff, 0xc0, 0x0, 0xf, 0xff, 0x18, 0xc6, 0x31,
    0x8c, 0x7f, 0xf8, 0x80, 0x31, 0x0, 0x6, 0x0,
    0x8, 0x0, 0x0,

    /* U+5904 "处" */
    0x10, 0x60, 0x60, 0xc0, 0xfd, 0x81, 0x13, 0x82,
    0x27, 0x8c, 0xcd, 0x9d, 0x9b, 0x2a, 0x32, 0x1c,
    0x60, 0x18, 0xc0, 0x71, 0x81, 0xb0, 0x7, 0x38,
    0x1c, 0x1f, 0xc0,

    /* U+5916 "外" */
    0x10, 0x60, 0x20, 0xc0, 0xfd, 0x81, 0x1b, 0x6,
    0x37, 0x8, 0x4f, 0x3d, 0x9b, 0xf, 0x33, 0xc,
    0x60, 0x18, 0xc0, 0x61, 0x81, 0x83, 0xe, 0x6,
    0x8, 0xc, 0x0,

    /* U+591A "多" */
    0x6, 0x0, 0x3f, 0xc3, 0x86, 0x1a, 0x30, 0xf,
    0x80, 0x1d, 0x3, 0xcc, 0x18, 0xff, 0x6, 0x1c,
    0xf0, 0x60, 0x3f, 0x0, 0x70, 0x1f, 0x83, 0xf0,
    0x0,

    /* U+591C "夜" */
    0x1, 0x0, 0x3, 0x1, 0xff, 0xf8, 0x62, 0x0,
    0x8c, 0x3, 0x1f, 0xcc, 0x61, 0x19, 0xb6, 0x77,
    0xa8, 0xa1, 0x30, 0x43, 0xc0, 0x83, 0x1, 0xf,
    0x82, 0x73, 0xc5, 0x81, 0x80,

    /* U+591F "够" */
    0x30, 0x30, 0xe0, 0xfd, 0xfb, 0x16, 0x1f, 0xc7,
    0xa3, 0x9, 0x5e, 0x12, 0xac, 0x25, 0x3f, 0x4a,
    0xc6, 0xf5, 0x59, 0x8, 0xf0, 0x11, 0xc0, 0x67,
    0x3, 0xb8, 0x0,

    /* U+5927 "大" */
    0x3, 0x0, 0xc, 0x0, 0x30, 0x0, 0xc0, 0xff,
    0xfc, 0xc, 0x0, 0x78, 0x1, 0xe0, 0xc, 0xc0,
    0x31, 0x81, 0x86, 0x1c, 0xe, 0xe0, 0x1c, 0x0,
    0x0,

    /* U+5929 "天" */
    0x7f, 0xf8, 0x6, 0x0, 0xc, 0x0, 0x18, 0x0,
    0x30, 0x1f, 0xff, 0x80, 0xc0, 0x3, 0xc0, 0xc,
    0xc0, 0x19, 0x80, 0xe1, 0xc7, 0x81, 0xec, 0x0,
    0xc0,

    /* U+592A "太" */
    0x3, 0x0, 0xc, 0x0, 0x30, 0x0, 0xc0, 0xff,
    0xfc, 0xc, 0x0, 0x78, 0x1, 0xa0, 0x4, 0xc0,
    0x31, 0x1, 0xc6, 0xd, 0x8c, 0xe3, 0x1f, 0x4,
    0x30,

    /* U+5931 "失" */
    0x13, 0x0, 0xcc, 0x3, 0xff, 0x98, 0xc0, 0x43,
    0x1, 0xc, 0x0, 0x30, 0x3f, 0xff, 0x7, 0x0,
    0x1e, 0x0, 0xcc, 0x6, 0x18, 0x70, 0x3f, 0x0,
    0x30,

    /* U+5934 "头" */
    0x1, 0x80, 0xe6, 0x0, 0xd8, 0x10, 0x60, 0x71,
    0x80, 0x66, 0x0, 0x18, 0x3f, 0xff, 0x3, 0x0,
    0xe, 0x0, 0x6e, 0x7, 0xc, 0x78, 0x1f, 0x80,
    0x0,

    /* U+5973 "女" */
    0x6, 0x0, 0x18, 0x0, 0x40, 0x3, 0x0, 0xff,
    0xfc, 0x61, 0x81, 0x86, 0xc, 0x10, 0x38, 0xc0,
    0x7e, 0x0, 0x78, 0x1, 0xf8, 0x3c, 0x7b, 0xc0,
    0x60,

    /* U+5979 "她" */
    0x20, 0x20, 0x42, 0x41, 0x84, 0x87, 0xc9, 0xe4,
    0x9f, 0x49, 0xfc, 0x97, 0xc9, 0x6c, 0x92, 0xd1,
    0x24, 0xe2, 0x58, 0xe4, 0x81, 0xc8, 0x36, 0x90,
    0x58, 0x3f, 0x80,

    /* U+597D "好" */
    0x20, 0x0, 0x87, 0xf6, 0x1, 0xbf, 0xc, 0x4c,
    0x61, 0x31, 0x8c, 0xff, 0xf2, 0x18, 0x78, 0x60,
    0xc1, 0x83, 0x86, 0x1b, 0x18, 0xe4, 0x62, 0x7,
    0x0,

    /* U+5982 "如" */
    0x10, 0x0, 0x40, 0x3, 0xf, 0xff, 0xa1, 0x22,
    0x84, 0x9a, 0x16, 0x68, 0x59, 0xa1, 0x34, 0x84,
    0x72, 0x11, 0xc8, 0x4f, 0xbf, 0x70, 0x85, 0x82,
    0x10,

    /* U+5B50 "子" */
    0x3f, 0xf8, 0x1, 0xc0, 0xe, 0x0, 0x70, 0x3,
    0x80, 0xc, 0x0, 0x30, 0x3f, 0xff, 0x3, 0x0,
    0xc, 0x0, 0x30, 0x0, 0xc0, 0x3, 0x0, 0x38,
    0x0,

    /* U+5B57 "字" */
    0x0, 0x0, 0xc, 0xf, 0xff, 0xf0, 0x3, 0xc0,
    0xc, 0x7f, 0x80, 0xc, 0x0, 0x60, 0x3, 0x3,
    0xff, 0xf0, 0x30, 0x0, 0xc0, 0x3, 0x0, 0xc,
    0x0, 0xe0, 0x0,

    /* U+5B66 "学" */
    0x2, 0x0, 0xcc, 0x41, 0x13, 0x3f, 0xff, 0xc0,
    0xf, 0x0, 0x31, 0xfe, 0x0, 0x30, 0x3, 0x80,
    0xc, 0xf, 0xff, 0xc0, 0xc0, 0x3, 0x0, 0xc,
    0x0, 0xe0, 0x0,

    /* U+5B69 "孩" */
    0x0, 0x61, 0xf8, 0x40, 0x30, 0xc0, 0x5f, 0xf1,
    0x84, 0x2, 0x19, 0x4, 0x66, 0x9, 0xf8, 0x1c,
    0x65, 0xe1, 0x9a, 0x4e, 0x60, 0x91, 0x81, 0x7,
    0x82, 0x39, 0x9d, 0xc1, 0x80,

    /* U+5B83 "它" */
    0x6, 0x0, 0x30, 0x3f, 0xff, 0x0, 0x3a, 0x1,
    0x90, 0x0, 0x83, 0x4, 0xf0, 0x3e, 0x1, 0x0,
    0x8, 0x0, 0x40, 0x32, 0x1, 0x9f, 0xf8,

    /* U+5B8C "完" */
    0x2, 0x0, 0xc, 0xf, 0xff, 0xf0, 0x3, 0xdf,
    0xec, 0x0, 0x0, 0x0, 0x3f, 0xff, 0xc, 0xc0,
    0x23, 0x0, 0x8c, 0x6, 0x31, 0x30, 0xc7, 0x83,
    0xf0,

    /* U+5B9A "定" */
    0x2, 0x0, 0x6, 0x1, 0xff, 0xf2, 0x0, 0x64,
    0x0, 0xc3, 0xfc, 0x0, 0xc0, 0x9, 0x80, 0x33,
    0xf8, 0x66, 0x0, 0xcc, 0x1, 0x58, 0x6, 0xf0,
    0x18, 0x7f, 0x80,

    /* U+5B9E "实" */
    0x2, 0x0, 0xc, 0xf, 0xff, 0xf0, 0x3, 0xd0,
    0xc, 0x34, 0x0, 0x10, 0x1c, 0x40, 0x31, 0x0,
    0x4c, 0xf, 0xff, 0xc1, 0xa0, 0xc, 0xe0, 0xe0,
    0xe6, 0x0, 0xc0,

    /* U+5BB6 "家" */
    0x6, 0x3, 0xff, 0xe8, 0x1, 0xa0, 0x6, 0x3f,
    0xc0, 0x38, 0x83, 0xe6, 0x39, 0xb0, 0x1f, 0xc1,
    0xcd, 0x8, 0x76, 0xe, 0x4c, 0xe3, 0x1c, 0x38,
    0x0,

    /* U+5BF9 "对" */
    0x0, 0x8, 0x0, 0x13, 0xf8, 0x20, 0x2f, 0xf4,
    0x40, 0x8d, 0x81, 0xf, 0x62, 0x1c, 0x44, 0x18,
    0xc8, 0x38, 0x90, 0xd8, 0x21, 0x10, 0x46, 0x0,
    0x90, 0xf, 0x0,

    /* U+5BFC "导" */
    0x7f, 0xf1, 0x80, 0x46, 0x1, 0x1f, 0xfc, 0x60,
    0x9, 0x80, 0x33, 0xff, 0x80, 0x18, 0xff, 0xfc,
    0x41, 0x81, 0x86, 0x3, 0x18, 0x8, 0x60, 0xf,
    0x0,

    /* U+5C06 "将" */
    0x10, 0xc0, 0x47, 0xfd, 0x71, 0x9d, 0x6c, 0x30,
    0xe0, 0x46, 0x1, 0x61, 0xd, 0xff, 0x70, 0x13,
    0x4c, 0x41, 0x11, 0x4, 0x64, 0x10, 0x10, 0x41,
    0xc0,

    /* U+5C0F "小" */
    0x1, 0x80, 0x1, 0x80, 0x1, 0x80, 0x1, 0x80,
    0x11, 0x98, 0x31, 0x8c, 0x31, 0x8c, 0x31, 0x86,
    0x61, 0x86, 0x61, 0x82, 0x41, 0x83, 0x1, 0x80,
    0x1, 0x80, 0xf, 0x80,

    /* U+5C11 "少" */
    0x1, 0x0, 0x2, 0x0, 0x4, 0x0, 0xc8, 0x81,
    0x11, 0x86, 0x21, 0x88, 0x41, 0x30, 0x83, 0x1,
    0x10, 0x2, 0x20, 0x0, 0xc0, 0x7, 0x0, 0x78,
    0xf, 0xc0, 0x18, 0x0, 0x0,

    /* U+5C31 "就" */
    0x10, 0x20, 0x40, 0xef, 0xe2, 0x80, 0x8, 0x7d,
    0xfd, 0x10, 0x84, 0x43, 0x1f, 0x1c, 0x10, 0x51,
    0x51, 0x45, 0x6d, 0x34, 0x25, 0x91, 0x94, 0xcc,
    0x70,

    /* U+5C4B "屋" */
    0x3f, 0xfc, 0x60, 0x8, 0xff, 0xf1, 0xff, 0xe3,
    0x0, 0x7, 0xff, 0xcc, 0xe6, 0x19, 0x8e, 0x37,
    0xfc, 0x60, 0x88, 0x9f, 0xf3, 0x2, 0x6, 0x4,
    0x1b, 0xff, 0xc0,

    /* U+5C55 "展" */
    0x3f, 0xfc, 0x60, 0x8, 0xc0, 0x11, 0xff, 0xe3,
    0x11, 0x6, 0x22, 0xd, 0xff, 0x98, 0x88, 0x3f,
    0xfe, 0x64, 0xc9, 0x88, 0xe3, 0x12, 0xc6, 0x7c,
    0xe8, 0x0, 0x40,

    /* U+5C71 "山" */
    0x3, 0x0, 0xc, 0x0, 0x30, 0x30, 0xc3, 0xc3,
    0xf, 0xc, 0x3c, 0x30, 0xf0, 0xc3, 0xc3, 0xf,
    0xc, 0x3c, 0x30, 0xf0, 0xc3, 0xff, 0xfc, 0x0,
    0x30,

    /* U+5C81 "岁" */
    0x63, 0x1b, 0x18, 0xd8, 0xc6, 0xff, 0xf0, 0x40,
    0x6, 0x0, 0x7f, 0xce, 0x6, 0x48, 0x60, 0x37,
    0x1, 0xf0, 0xe, 0x3, 0xe0, 0x38, 0x0,

    /* U+5CB8 "岸" */
    0x63, 0xc, 0xc6, 0x19, 0xff, 0xf0, 0x0, 0x0,
    0x0, 0xf, 0xff, 0xd8, 0x0, 0x37, 0xfe, 0x60,
    0x80, 0xc1, 0x1, 0xff, 0xfe, 0x4, 0xc, 0x8,
    0x10, 0x10, 0x0,

    /* U+5DE5 "工" */
    0x7f, 0xf8, 0xc, 0x0, 0x30, 0x0, 0xc0, 0x3,
    0x0, 0xc, 0x0, 0x30, 0x0, 0xc0, 0x3, 0x0,
    0xc, 0xf, 0xff, 0xc0,

    /* U+5DF1 "己" */
    0xff, 0xe0, 0x3, 0x0, 0x18, 0x0, 0xc0, 0x6,
    0x0, 0x33, 0xff, 0x98, 0x0, 0xc0, 0x6, 0x0,
    0xb0, 0x7, 0x80, 0x3c, 0x1, 0x3f, 0xf8,

    /* U+5DF2 "已" */
    0xff, 0xf0, 0x0, 0xc0, 0x3, 0x18, 0xc, 0x60,
    0x31, 0x80, 0xc7, 0xff, 0x18, 0x0, 0x60, 0x1,
    0x80, 0x26, 0x0, 0xd8, 0x3, 0x60, 0x8, 0xff,
    0xe0,

    /* U+5E08 "师" */
    0x17, 0xfc, 0x42, 0x9, 0x8, 0x25, 0xfe, 0x94,
    0x8a, 0x52, 0x29, 0x48, 0xa5, 0x22, 0x94, 0x88,
    0x52, 0x22, 0x48, 0x89, 0x2e, 0x40, 0x83, 0x2,
    0x0,

    /* U+5E26 "带" */
    0x33, 0x30, 0xcc, 0xcf, 0xff, 0xcc, 0xcc, 0x0,
    0x3, 0xff, 0xfc, 0x30, 0xf0, 0xc3, 0x3f, 0xf0,
    0x8c, 0x42, 0x31, 0x8, 0xc4, 0x23, 0x70, 0xc,
    0x0,

    /* U+5E2D "席" */
    0x1, 0x0, 0x6, 0x7, 0xff, 0xd0, 0x0, 0x46,
    0x21, 0x7f, 0xf4, 0x62, 0x11, 0x88, 0x47, 0xe1,
    0x2, 0x4, 0xff, 0x92, 0x26, 0xc8, 0x9a, 0x22,
    0xe8, 0x8, 0x0,

    /* U+5E2E "帮" */
    0x8, 0x7f, 0xfd, 0x70, 0x85, 0x9f, 0xdc, 0x8,
    0x4f, 0xfd, 0x33, 0x7, 0xdc, 0x1e, 0x61, 0x0,
    0xff, 0xe2, 0x11, 0x88, 0x46, 0x21, 0x78, 0x4,
    0x0,

    /* U+5E38 "常" */
    0x63, 0x21, 0x9b, 0x3f, 0xff, 0x0, 0x3b, 0xfd,
    0x98, 0x20, 0xc1, 0x7, 0xf8, 0x3, 0x3, 0xff,
    0x90, 0xcc, 0x86, 0x64, 0x37, 0x1, 0x80,

    /* U+5E72 "干" */
    0x7f, 0xf8, 0xc, 0x0, 0x30, 0x0, 0xc0, 0x3,
    0x3, 0xff, 0xf0, 0x30, 0x0, 0xc0, 0x3, 0x0,
    0xc, 0x0, 0x30, 0x0, 0xc0, 0x3, 0x0,

    /* U+5E73 "平" */
    0x7f, 0xf8, 0xc, 0x2, 0x33, 0xc, 0xcc, 0x13,
    0x20, 0x4d, 0x80, 0x30, 0x3f, 0xff, 0x3, 0x0,
    0xc, 0x0, 0x30, 0x0, 0xc0, 0x3, 0x0,

    /* U+5E74 "年" */
    0x18, 0x0, 0x60, 0x3, 0xff, 0x98, 0x60, 0xc1,
    0x80, 0x7f, 0xe1, 0x18, 0x4, 0x60, 0x11, 0x80,
    0x46, 0xf, 0xff, 0xc0, 0x60, 0x1, 0x80, 0x6,
    0x0,

    /* U+5E76 "并" */
    0x10, 0x20, 0x61, 0x80, 0x84, 0x1f, 0xff, 0x8,
    0x60, 0x21, 0x80, 0x86, 0x2, 0x18, 0xff, 0xfc,
    0x61, 0x81, 0x86, 0xc, 0x18, 0x60, 0x61, 0x1,
    0x80,

    /* U+5E7F "广" */
    0x0, 0xc0, 0x1, 0x80, 0xff, 0xf9, 0x80, 0x3,
    0x0, 0x6, 0x0, 0xc, 0x0, 0x18, 0x0, 0x30,
    0x0, 0x60, 0x0, 0xc0, 0x3, 0x0, 0x6, 0x0,
    0x8, 0x0, 0x0,

    /* U+5E94 "应" */
    0x3, 0x0, 0x4, 0x7, 0xff, 0xd0, 0x0, 0x43,
    0x19, 0x44, 0x65, 0x91, 0x12, 0x6c, 0x4d, 0xb1,
    0x34, 0x84, 0x6, 0x30, 0x10, 0xbf, 0xfc, 0x0,
    0x0,

    /* U+5E95 "底" */
    0x0, 0x0, 0x6, 0x7, 0xff, 0xd0, 0x0, 0x40,
    0x31, 0x3f, 0xe4, 0x84, 0x12, 0x10, 0x4f, 0xf9,
    0x21, 0x84, 0x82, 0x12, 0x28, 0xc8, 0xa6, 0x3b,
    0x59, 0x85, 0x80,

    /* U+5EA6 "度" */
    0x1, 0x0, 0xc, 0x7, 0xff, 0xd0, 0x0, 0x44,
    0x21, 0xff, 0xf4, 0x42, 0x11, 0x8, 0x47, 0xe1,
    0x0, 0x7, 0xff, 0x13, 0xc, 0xc7, 0xe3, 0x1f,
    0x8b, 0xe7, 0xc0,

    /* U+5EA7 "座" */
    0x1, 0x0, 0x4, 0x7, 0xff, 0xd0, 0x0, 0x40,
    0x1, 0x36, 0x44, 0x9b, 0x17, 0x6e, 0x73, 0xcd,
    0x6, 0x5, 0xff, 0x90, 0x60, 0xc1, 0x82, 0x6,
    0xb, 0xff, 0xc0,

    /* U+5EFA "建" */
    0xf7, 0xf8, 0xc2, 0x22, 0x8, 0x9b, 0xff, 0x60,
    0x89, 0xdf, 0xe1, 0x8, 0x2d, 0xfe, 0xb0, 0x81,
    0x82, 0x6, 0xff, 0xd8, 0x20, 0x58, 0x2, 0x1f,
    0xf0,

    /* U+5F00 "开" */
    0x7f, 0xfc, 0x21, 0x80, 0x86, 0x2, 0x18, 0x8,
    0x60, 0x21, 0x8f, 0xff, 0xc6, 0x18, 0x18, 0x60,
    0x61, 0x83, 0x6, 0xc, 0x18, 0x60, 0x63, 0x1,
    0x80,

    /* U+5F0F "式" */
    0x0, 0xd0, 0x3, 0x60, 0xc, 0xbf, 0xff, 0x0,
    0xc0, 0x3, 0x7, 0xec, 0x6, 0x30, 0x18, 0x40,
    0x61, 0x1, 0x86, 0x47, 0xd9, 0xfe, 0x37, 0x0,
    0x70,

    /* U+5F1F "弟" */
    0x18, 0x30, 0x18, 0xc1, 0xff, 0xf0, 0x8, 0x60,
    0x10, 0xc7, 0xff, 0x8c, 0x40, 0x10, 0x80, 0x7f,
    0xfe, 0x6, 0xc, 0x3c, 0x10, 0xe8, 0x6f, 0x13,
    0xc8, 0x20, 0x0,

    /* U+5F20 "张" */
    0xf9, 0xc, 0x64, 0x61, 0x93, 0x6, 0x5c, 0xf9,
    0x63, 0x4, 0xc, 0x7f, 0xf0, 0x58, 0xf9, 0x20,
    0x64, 0xc1, 0x91, 0x6, 0x46, 0x19, 0xcf, 0xcc,
    0x10,

    /* U+5F3A "强" */
    0x7d, 0xfc, 0x1a, 0x8, 0x34, 0x13, 0xef, 0xe7,
    0xc2, 0x8, 0x4, 0x10, 0x7f, 0x20, 0x92, 0xfd,
    0x24, 0x1b, 0xf8, 0x30, 0x90, 0x61, 0x20, 0xc2,
    0x67, 0x7f, 0xc0,

    /* U+5F53 "当" */
    0x3, 0x13, 0x18, 0xc8, 0xc4, 0x66, 0x40, 0x30,
    0x3f, 0xfc, 0x0, 0x60, 0x3, 0x0, 0x1b, 0xff,
    0xc0, 0x6, 0x0, 0x3f, 0xff, 0x80, 0xc,

    /* U+5F62 "形" */
    0x0, 0x1, 0xff, 0x18, 0x88, 0x61, 0x13, 0x82,
    0x26, 0x4, 0x40, 0x88, 0x83, 0x7f, 0xcc, 0x22,
    0x70, 0x44, 0x8, 0x88, 0x1b, 0x10, 0x66, 0x23,
    0x98, 0x4e, 0x30, 0x90, 0x0,

    /* U+5F80 "往" */
    0x18, 0x40, 0x60, 0xc1, 0x80, 0x86, 0x7f, 0xf1,
    0x86, 0x6, 0xc, 0x1c, 0x18, 0x79, 0xfe, 0x30,
    0x60, 0x60, 0xc0, 0xc1, 0x81, 0x83, 0x3, 0x6,
    0x6, 0xff, 0xc0,

    /* U+5F88 "很" */
    0x0, 0x0, 0xcf, 0xe6, 0x20, 0xb0, 0x82, 0x9b,
    0xf8, 0xc8, 0x26, 0x20, 0xb8, 0xfe, 0xe2, 0xc0,
    0x89, 0x32, 0x27, 0x88, 0x8c, 0x22, 0x78, 0x8f,
    0x72, 0x20, 0x40,

    /* U+5F97 "得" */
    0x37, 0xf9, 0x98, 0x2c, 0x7f, 0xa5, 0x82, 0x37,
    0xf9, 0x80, 0xe, 0xff, 0xf8, 0xc, 0xa0, 0x30,
    0xbf, 0xf2, 0x23, 0x8, 0xcc, 0x21, 0x30, 0x83,
    0x80,

    /* U+5FC3 "心" */
    0x0, 0x0, 0xe, 0x0, 0x6, 0x0, 0x6, 0x0,
    0xc4, 0x1, 0x81, 0x1b, 0x2, 0x36, 0x6, 0x4c,
    0x4, 0x98, 0xf, 0x30, 0x5e, 0x60, 0xa0, 0xc1,
    0x1, 0xfc, 0x0,

    /* U+5FC5 "必" */
    0x4, 0x0, 0xe, 0x18, 0xe, 0x60, 0x4, 0x80,
    0xc3, 0xd, 0x8d, 0x1b, 0x32, 0x26, 0xc6, 0xcf,
    0x5, 0x9c, 0xc, 0x70, 0x49, 0xe0, 0x8e, 0xc1,
    0x1, 0xfe, 0x0,

    /* U+5FD7 "志" */
    0x3, 0x0, 0xc, 0xf, 0xff, 0xc0, 0xc0, 0x3,
    0x0, 0xc, 0x7, 0xff, 0x80, 0x80, 0x3, 0x1,
    0x66, 0x45, 0x89, 0x96, 0xa, 0xd8, 0x2c, 0x3f,
    0x80,

    /* U+5FD9 "忙" */
    0x20, 0xc0, 0x81, 0x82, 0x0, 0x3f, 0xff, 0xab,
    0x2, 0x8c, 0xa, 0x30, 0x8, 0xc0, 0x23, 0x0,
    0x8c, 0x2, 0x30, 0x8, 0xc0, 0x23, 0xfc, 0x80,
    0x0,

    /* U+5FEB "快" */
    0x20, 0x80, 0x82, 0x3, 0x7f, 0xbc, 0x26, 0xe8,
    0x9a, 0x82, 0x6a, 0x9, 0x8b, 0xff, 0x20, 0xc0,
    0x87, 0x82, 0x12, 0x8, 0xcc, 0x2e, 0x1c, 0xb0,
    0x30,

    /* U+5FFD "忽" */
    0x8, 0x0, 0x10, 0x0, 0x7f, 0xf1, 0xb2, 0x66,
    0x4c, 0xc1, 0x91, 0x86, 0x63, 0x19, 0x8e, 0x6,
    0x78, 0x16, 0x0, 0xa6, 0x23, 0x44, 0x66, 0x83,
    0x49, 0x6, 0xc3, 0xf8, 0x0,

    /* U+600E "怎" */
    0x10, 0x0, 0x80, 0xf, 0xfe, 0x48, 0x4, 0x40,
    0x63, 0xfa, 0x10, 0x0, 0xfe, 0x4, 0x0, 0x30,
    0x15, 0xcc, 0xa6, 0x2d, 0x5, 0xe8, 0x3e, 0x7f,
    0x20,

    /* U+6015 "怕" */
    0x20, 0x40, 0x81, 0x2, 0xc, 0x3e, 0xff, 0xea,
    0xe, 0xa8, 0x3a, 0x20, 0xc8, 0xff, 0x22, 0xc,
    0x88, 0x32, 0x20, 0xc8, 0x83, 0x23, 0xfc, 0x88,
    0x30,

    /* U+601D "思" */
    0x3f, 0xf8, 0x42, 0x10, 0x84, 0x21, 0xff, 0xc2,
    0x10, 0x84, 0x21, 0xf, 0xfe, 0x0, 0x0, 0x3,
    0x0, 0x43, 0x30, 0xb2, 0x33, 0x61, 0xa4, 0xc3,
    0x69, 0xfc, 0x0,

    /* U+6025 "急" */
    0xc, 0x0, 0x7f, 0x83, 0xc, 0x3f, 0xfc, 0x0,
    0x10, 0x0, 0x43, 0xff, 0x0, 0x4, 0x3f, 0xf0,
    0xc, 0x6, 0x91, 0x9a, 0x6a, 0xc8, 0x2d, 0x3f,
    0x80,

    /* U+603B "总" */
    0x18, 0x30, 0x18, 0xc0, 0x11, 0x81, 0xff, 0xc3,
    0x1, 0x86, 0x3, 0xc, 0x6, 0x1f, 0xfc, 0x1,
    0x0, 0x9b, 0x11, 0xb3, 0x32, 0x60, 0x3c, 0xc1,
    0x21, 0xfe, 0x0,

    /* U+606F "息" */
    0x2, 0x0, 0x30, 0xf, 0xf8, 0x40, 0x43, 0xfe,
    0x10, 0x10, 0xff, 0x84, 0x4, 0x20, 0x21, 0xff,
    0x1, 0x80, 0xa6, 0x65, 0x11, 0xe8, 0x3e, 0x7f,
    0x0,

    /* U+60A8 "您" */
    0x13, 0x0, 0x8f, 0xf6, 0x40, 0x9b, 0x12, 0xe8,
    0x4a, 0x8d, 0x62, 0x64, 0x8b, 0x13, 0x21, 0xc0,
    0xc, 0x7, 0x99, 0x96, 0x2a, 0xd8, 0x2e, 0x7f,
    0x80,

    /* U+60C5 "情" */
    0x20, 0x40, 0x9f, 0xf3, 0x4, 0x1f, 0xff, 0x68,
    0x43, 0xbf, 0xfa, 0x0, 0x8, 0xfe, 0x22, 0x8,
    0x8f, 0xe2, 0x20, 0x88, 0xfe, 0x22, 0x8, 0x88,
    0xe0,

    /* U+60F3 "想" */
    0x10, 0xfd, 0xfd, 0xb, 0xfa, 0x10, 0x87, 0xe3,
    0x88, 0x4e, 0xdf, 0xb4, 0xa1, 0x48, 0x42, 0x10,
    0xfc, 0x6, 0x1, 0xa6, 0x32, 0x45, 0xac, 0x83,
    0x61, 0xfc, 0x0,

    /* U+610F "意" */
    0x3, 0x1, 0xff, 0xe1, 0x86, 0x3f, 0xff, 0x0,
    0x0, 0xff, 0xc2, 0x1, 0xf, 0xfc, 0x20, 0x10,
    0xff, 0xc0, 0x70, 0x1a, 0x66, 0xc8, 0x6e, 0x3f,
    0x0,

    /* U+611F "感" */
    0x0, 0xb1, 0xff, 0xf4, 0x8, 0x17, 0xa6, 0x40,
    0xd1, 0x79, 0xc5, 0x26, 0x37, 0xb9, 0x81, 0xb8,
    0x58, 0x5, 0x31, 0x94, 0x5e, 0xd0, 0x6e, 0x7f,
    0x0,

    /* U+6162 "慢" */
    0x23, 0xf8, 0x88, 0x22, 0x3f, 0x9e, 0x82, 0xe9,
    0xf2, 0x9f, 0xfa, 0x4a, 0x49, 0xff, 0x20, 0x0,
    0x9f, 0xe2, 0x31, 0x88, 0x7c, 0x23, 0xf8, 0xb8,
    0x70,

    /* U+6210 "成" */
    0x0, 0xf0, 0x1, 0x99, 0xff, 0xfb, 0x6, 0x6,
    0xc, 0xc, 0x19, 0x9f, 0x92, 0x31, 0x2c, 0x62,
    0x50, 0xc4, 0xe1, 0x89, 0x92, 0x77, 0x3c, 0x1b,
    0x78, 0x63, 0x80,

    /* U+6211 "我" */
    0xe, 0x93, 0xf2, 0x61, 0x88, 0xc6, 0x20, 0xff,
    0xfc, 0x63, 0x1, 0x8c, 0x87, 0xb6, 0xfe, 0x73,
    0xe1, 0x81, 0x8e, 0x46, 0x79, 0x1b, 0x35, 0xc8,
    0x70,

    /* U+6216 "或" */
    0x0, 0xb0, 0x2, 0x2f, 0xff, 0xc0, 0x20, 0x0,
    0x81, 0xfb, 0x24, 0x6d, 0x91, 0xb4, 0x7e, 0x70,
    0x1, 0x80, 0x2e, 0x5f, 0xf9, 0xf3, 0xb4, 0x8,
    0x70,

    /* U+6218 "战" */
    0x20, 0x40, 0x81, 0x62, 0x4, 0x8f, 0x10, 0x20,
    0x7c, 0x8f, 0x82, 0x4, 0xff, 0x12, 0x84, 0x7a,
    0x10, 0xc8, 0x42, 0x21, 0x19, 0xfd, 0xf6, 0x14,
    0x60,

    /* U+6234 "戴" */
    0x8, 0x51, 0xfd, 0x60, 0x84, 0xbf, 0xff, 0x0,
    0x41, 0xfd, 0x27, 0xf4, 0x92, 0x5e, 0x36, 0x79,
    0xfd, 0xc3, 0x43, 0x3f, 0xe9, 0x34, 0x77, 0xa,
    0x70,

    /* U+623F "房" */
    0x0, 0x0, 0x2, 0x3, 0xff, 0xcc, 0x1, 0x30,
    0x4, 0xff, 0xf3, 0xc, 0xc, 0x10, 0x3f, 0xfc,
    0xc6, 0x3, 0x10, 0xc, 0x7f, 0x63, 0xd, 0x98,
    0x2c, 0xc3, 0x80,

    /* U+6240 "所" */
    0x2, 0x4, 0xff, 0xfd, 0xc3, 0x83, 0x6, 0x7,
    0xec, 0xc, 0x5f, 0xd8, 0xb2, 0x3f, 0x64, 0x60,
    0xc8, 0xc1, 0x91, 0x82, 0x23, 0xc, 0x4c, 0x18,
    0x88, 0x21, 0x0,

    /* U+624B "手" */
    0x1, 0xf1, 0xfe, 0x0, 0x30, 0x0, 0xc0, 0x7f,
    0xf8, 0xc, 0x0, 0x30, 0x0, 0xc0, 0xff, 0xfc,
    0xc, 0x0, 0x30, 0x0, 0xc0, 0x3, 0x0, 0x78,
    0x0,

    /* U+624D "才" */
    0x0, 0x60, 0x0, 0xc0, 0x1, 0x83, 0xff, 0xf0,
    0x1e, 0x0, 0x3c, 0x0, 0xd8, 0x3, 0x30, 0xe,
    0x60, 0x38, 0xc0, 0xe1, 0x83, 0x83, 0x4, 0x6,
    0x0, 0x3c, 0x0,

    /* U+6253 "打" */
    0x30, 0x0, 0x67, 0xfc, 0xcf, 0xff, 0xe1, 0x83,
    0x3, 0x6, 0x6, 0xd, 0xc, 0x3e, 0x18, 0xf0,
    0x30, 0x60, 0x60, 0xc0, 0xc1, 0x81, 0x83, 0x3,
    0xc, 0x1e, 0x0,

    /* U+627E "找" */
    0x20, 0x80, 0x41, 0x60, 0x82, 0x67, 0xc4, 0xe2,
    0x7f, 0x84, 0x10, 0x8, 0x32, 0x3c, 0x6c, 0xe0,
    0x70, 0x40, 0xc0, 0x83, 0x91, 0xf, 0x22, 0x73,
    0xdc, 0x3, 0x80,

    /* U+628A "把" */
    0x23, 0xfc, 0x44, 0x98, 0x89, 0x37, 0xd2, 0x62,
    0x24, 0xc4, 0x49, 0x88, 0x93, 0x1d, 0xfe, 0xe2,
    0x0, 0x44, 0x0, 0x88, 0x11, 0x10, 0x32, 0x20,
    0x6c, 0x7f, 0x80,

    /* U+62A5 "报" */
    0x23, 0xfc, 0x44, 0x18, 0x88, 0x37, 0xd0, 0x62,
    0x27, 0x84, 0x40, 0x8, 0xff, 0x3d, 0x46, 0xe2,
    0xcc, 0x44, 0xb0, 0x89, 0xc1, 0x11, 0x82, 0x2f,
    0xdc, 0x70, 0x80,

    /* U+62C9 "拉" */
    0x20, 0xc0, 0x40, 0x80, 0x81, 0x7, 0xff, 0xf2,
    0x0, 0x84, 0x21, 0xa, 0x46, 0x3c, 0x8c, 0xe1,
    0x98, 0x43, 0x20, 0x86, 0x41, 0x1, 0x82, 0x7f,
    0xec, 0x0, 0x0,

    /* U+62FF "拿" */
    0x0, 0x0, 0x1c, 0x1, 0xce, 0x3f, 0xff, 0xc0,
    0x4, 0xff, 0xc2, 0x3, 0x7, 0xf0, 0x7f, 0xf0,
    0xc, 0x7, 0xff, 0x80, 0xc0, 0xff, 0xfc, 0xc,
    0x0, 0xf0, 0x0,

    /* U+6307 "指" */
    0x22, 0x0, 0x88, 0xe2, 0x3e, 0x3e, 0x81, 0x23,
    0xc, 0x8f, 0xe2, 0x80, 0x3e, 0xfe, 0xe2, 0x8,
    0x88, 0x22, 0x3f, 0x88, 0x82, 0x23, 0xfb, 0x88,
    0x20,

    /* U+6389 "掉" */
    0x20, 0x40, 0x81, 0xff, 0x84, 0x3f, 0xfe, 0x26,
    0x8, 0x98, 0x22, 0x7f, 0x9f, 0x82, 0xe7, 0xf8,
    0x81, 0x2, 0x4, 0x9, 0xff, 0x20, 0x43, 0x81,
    0x0,

    /* U+63A5 "接" */
    0x20, 0xc0, 0x9f, 0xff, 0xb1, 0x3e, 0x44, 0x21,
    0x30, 0x9f, 0xf2, 0x8, 0xe, 0x60, 0xe7, 0xfc,
    0x8c, 0x42, 0x73, 0x8, 0x78, 0x20, 0xfb, 0x9c,
    0x30,

    /* U+63D0 "提" */
    0x23, 0xf8, 0x88, 0x22, 0x3f, 0xbe, 0x82, 0x23,
    0xf8, 0x80, 0x3, 0xff, 0xfe, 0x10, 0xe2, 0x40,
    0x89, 0xe2, 0x24, 0x9, 0xd0, 0x25, 0xc3, 0xb1,
    0xf0,

    /* U+6536 "收" */
    0x4, 0xc0, 0x9, 0x81, 0x13, 0x2, 0x27, 0xf4,
    0x58, 0xc8, 0xb1, 0x11, 0xf2, 0x22, 0x2c, 0x44,
    0x70, 0xf8, 0x61, 0x91, 0xc0, 0x27, 0xc0, 0x58,
    0xc0, 0xa0, 0x80,

    /* U+6539 "改" */
    0x0, 0xc0, 0xf9, 0x81, 0xf2, 0x0, 0x2f, 0xe0,
    0x58, 0x8f, 0xf3, 0x10, 0x36, 0x20, 0x28, 0x40,
    0x70, 0x88, 0x41, 0xf1, 0xc7, 0x8e, 0xc4, 0x38,
    0xc0, 0x0, 0x80,

    /* U+653E "放" */
    0x10, 0x40, 0x20, 0x80, 0x3, 0x7, 0xf7, 0xe2,
    0x8, 0x84, 0x39, 0xf, 0xf6, 0x12, 0xac, 0x24,
    0x50, 0x48, 0xe1, 0x90, 0xc2, 0x23, 0x8c, 0x5d,
    0xd3, 0xa1, 0x80,

    /* U+653F "政" */
    0x0, 0xc3, 0xfb, 0xf, 0xec, 0x6, 0x3f, 0x59,
    0x89, 0x7e, 0x65, 0x8d, 0x96, 0x14, 0x58, 0x71,
    0x79, 0x87, 0xe7, 0x38, 0x36, 0x3, 0x8c, 0x0,
    0x10,

    /* U+654C "敌" */
    0x3c, 0x43, 0xc3, 0x1, 0xc, 0x4, 0x3f, 0xfe,
    0x88, 0x47, 0x21, 0x15, 0x84, 0x16, 0xfe, 0x73,
    0x18, 0xcc, 0x63, 0x31, 0x9e, 0xff, 0xdf, 0x1e,
    0x10,

    /* U+6559 "教" */
    0x10, 0x60, 0x22, 0xc1, 0xfd, 0x80, 0xb3, 0xff,
    0xfc, 0xc3, 0x19, 0x9f, 0xfa, 0x76, 0x3c, 0xd8,
    0x38, 0x3e, 0x63, 0xf8, 0xc0, 0xc3, 0xc1, 0x8c,
    0xc7, 0x30, 0xc0,

    /* U+6562 "敢" */
    0x0, 0x60, 0xfc, 0xc0, 0x19, 0x80, 0x23, 0xff,
    0xf7, 0xec, 0xd9, 0x99, 0xb2, 0x3f, 0xe4, 0x66,
    0x68, 0xfc, 0x71, 0x98, 0xc3, 0xf9, 0x8f, 0xe7,
    0x80, 0xd9, 0xc1, 0xa1, 0x0,

    /* U+6570 "数" */
    0x5a, 0x60, 0xb4, 0xc1, 0x61, 0x7, 0xfb, 0xf3,
    0xcc, 0xcf, 0x59, 0x36, 0x3a, 0x8, 0xfc, 0xfe,
    0x38, 0x4c, 0x61, 0xd0, 0xc0, 0xe3, 0xc3, 0x6c,
    0xdc, 0x30, 0xc0,

    /* U+6574 "整" */
    0xfe, 0x40, 0x43, 0xf7, 0xec, 0x94, 0xf6, 0x7e,
    0x70, 0xd0, 0xc7, 0xef, 0xb4, 0x63, 0x7f, 0xf9,
    0xff, 0xe3, 0x3f, 0xc, 0xc0, 0x33, 0x3, 0xff,
    0xf0,

    /* U+6587 "文" */
    0x2, 0x0, 0xc, 0x0, 0x10, 0x3f, 0xff, 0x10,
    0x20, 0x61, 0x80, 0x86, 0x3, 0x30, 0x7, 0x80,
    0x1e, 0x0, 0x78, 0x3, 0xb0, 0x38, 0x7b, 0x80,
    0x70,

    /* U+6597 "斗" */
    0x0, 0x60, 0x30, 0xc0, 0x39, 0x80, 0x13, 0x0,
    0x6, 0xf, 0xc, 0x7, 0x18, 0x0, 0x30, 0x0,
    0x7e, 0x7f, 0xf3, 0xe1, 0x80, 0x3, 0x0, 0x6,
    0x0, 0xc, 0x0,

    /* U+65B0 "新" */
    0x10, 0x0, 0x60, 0xff, 0xfe, 0x19, 0xb0, 0x26,
    0xc0, 0x93, 0xf, 0xff, 0xc6, 0x32, 0x18, 0xcb,
    0xff, 0x21, 0x8c, 0x96, 0xb2, 0xdb, 0x88, 0x62,
    0x23, 0x98, 0x80,

    /* U+65B9 "方" */
    0x0, 0x0, 0xc, 0x0, 0x10, 0x3f, 0xff, 0xc,
    0x0, 0x30, 0x0, 0xc0, 0x3, 0xfc, 0x8, 0x10,
    0x60, 0x41, 0x81, 0x4, 0x4, 0x30, 0x31, 0x80,
    0xcc, 0x1e, 0x0,

    /* U+65C1 "旁" */
    0x0, 0x0, 0xc, 0xf, 0xff, 0xc6, 0x18, 0x8,
    0x43, 0xff, 0xfc, 0x10, 0xc0, 0xc0, 0xff, 0xfc,
    0x30, 0x0, 0xc0, 0x7, 0xfc, 0x18, 0x31, 0xc0,
    0xcc, 0x1e, 0x0,

    /* U+65E0 "无" */
    0x7f, 0xf8, 0x8, 0x0, 0x20, 0x0, 0x80, 0xff,
    0xfc, 0x1e, 0x0, 0x78, 0x1, 0x60, 0xd, 0x80,
    0x66, 0x31, 0x98, 0x5c, 0x61, 0xc0, 0xf8,

    /* U+65E5 "日" */
    0xff, 0xf8, 0xf, 0x1, 0xe0, 0x3c, 0x7, 0x80,
    0xff, 0xfe, 0x3, 0xc0, 0x78, 0xf, 0x1, 0xe0,
    0x3f, 0xff, 0x80, 0xc0,

    /* U+65E7 "旧" */
    0xc0, 0x6, 0x7f, 0xf3, 0x7, 0x98, 0x3c, 0xc1,
    0xe6, 0xf, 0x3f, 0xf9, 0x83, 0xcc, 0x1e, 0x60,
    0xf3, 0x7, 0x98, 0x3c, 0xff, 0xe6, 0xc,

    /* U+65E9 "早" */
    0x3f, 0xf0, 0x80, 0x42, 0x1, 0xf, 0xfc, 0x20,
    0x10, 0x80, 0x43, 0xff, 0x0, 0xc0, 0x3, 0x3,
    0xff, 0xf0, 0x30, 0x0, 0xc0, 0x3, 0x0, 0xc,
    0x0,

    /* U+65F6 "时" */
    0x0, 0x13, 0xe0, 0x4f, 0x81, 0x22, 0xff, 0x88,
    0x12, 0x20, 0x4f, 0xb1, 0x22, 0x64, 0x88, 0xd2,
    0x22, 0x4f, 0x81, 0x20, 0x4, 0x80, 0x10, 0x3,
    0xc0,

    /* U+660E "明" */
    0xf9, 0xfc, 0x48, 0x62, 0x43, 0x12, 0x18, 0x9f,
    0xfc, 0xfe, 0x24, 0x31, 0x21, 0x89, 0xff, 0xc8,
    0x60, 0x82, 0x4, 0x10, 0x40, 0x86, 0x1c,

    /* U+6613 "易" */
    0x3f, 0xf1, 0x1, 0x88, 0xc, 0x7f, 0xe2, 0x3,
    0x1f, 0xf8, 0x60, 0x6, 0x0, 0x7f, 0xfe, 0x64,
    0xe2, 0x66, 0x22, 0x37, 0x21, 0x3, 0x78,

    /* U+661F "星" */
    0x3f, 0xf0, 0x80, 0x42, 0x1, 0xf, 0xfc, 0x20,
    0x10, 0xff, 0xc3, 0x0, 0xc, 0xc0, 0x7f, 0xfb,
    0xc, 0x3, 0xff, 0x0, 0xc0, 0x3, 0x3, 0xff,
    0xf0,

    /* U+662F "是" */
    0x3f, 0xf0, 0x80, 0x43, 0xff, 0x8, 0x4, 0x3f,
    0xf0, 0x0, 0x0, 0x0, 0x3f, 0xff, 0x13, 0x0,
    0xcf, 0xe3, 0x30, 0x1e, 0xc0, 0x4f, 0x3, 0xf,
    0xf0,

    /* U+665A "晚" */
    0x1, 0x83, 0xcf, 0xc9, 0x22, 0x25, 0x18, 0x9f,
    0xfb, 0xd1, 0x29, 0x44, 0xa5, 0xfe, 0x90, 0xe2,
    0x42, 0x8f, 0x1a, 0x20, 0xc9, 0x6, 0x2c, 0x70,
    0xe0,

    /* U+66E6 "曦" */
    0x2, 0x3, 0xcc, 0xcf, 0x7f, 0xa4, 0x30, 0x97,
    0xfa, 0x7f, 0xff, 0xb, 0x25, 0xca, 0x9f, 0xfe,
    0x5e, 0x89, 0xaa, 0xbf, 0xee, 0x87, 0xb4, 0x3,
    0xd0, 0x34, 0xc0,

    /* U+66F4 "更" */
    0xff, 0xfc, 0x6, 0x0, 0xc, 0x3, 0xff, 0xc6,
    0x31, 0x8c, 0x63, 0x1f, 0xfe, 0x31, 0x8c, 0x7f,
    0xf8, 0x46, 0x0, 0xd8, 0x0, 0xf0, 0x3, 0xf0,
    0x1e, 0x3f, 0x80,

    /* U+6700 "最" */
    0x3f, 0xf0, 0x80, 0x43, 0xff, 0x8, 0x4, 0x3f,
    0xf0, 0x0, 0xf, 0xff, 0xd9, 0x80, 0x7f, 0xfd,
    0x9a, 0x27, 0xed, 0x99, 0x9c, 0xfe, 0xf8, 0x1e,
    0x30,

    /* U+6708 "月" */
    0x1f, 0xf8, 0xc0, 0xc6, 0x6, 0x30, 0x31, 0xff,
    0x8c, 0xc, 0x60, 0x63, 0x3, 0x1f, 0xf8, 0x80,
    0xcc, 0x6, 0x60, 0x36, 0x1, 0xa0, 0x7c,

    /* U+6709 "有" */
    0x6, 0x0, 0x10, 0xf, 0xff, 0xc6, 0x0, 0x18,
    0x0, 0xff, 0xc7, 0x1, 0x37, 0xfc, 0x90, 0x10,
    0x40, 0x41, 0xff, 0x4, 0x4, 0x10, 0x10, 0x43,
    0xc0,

    /* U+670D "服" */
    0x79, 0xfc, 0x92, 0x9, 0x24, 0x12, 0x48, 0x27,
    0x91, 0xcf, 0x20, 0x12, 0x7f, 0x24, 0xa2, 0x79,
    0x64, 0x92, 0xd9, 0x24, 0xe2, 0x48, 0xcc, 0x97,
    0xd3, 0x38, 0xc0,

    /* U+671B "望" */
    0x0, 0x0, 0x43, 0xff, 0xe8, 0x48, 0x3f, 0x20,
    0x84, 0x93, 0xf7, 0xd8, 0x50, 0xc7, 0x7f, 0xfd,
    0xff, 0xf0, 0x30, 0xf, 0xfe, 0x3, 0x0, 0xc,
    0xf, 0xff, 0xc0,

    /* U+6728 "木" */
    0x1, 0x80, 0x1, 0x80, 0x1, 0x80, 0x1, 0x80,
    0x7f, 0xfe, 0x3, 0xc0, 0x3, 0xc0, 0x7, 0xe0,
    0xd, 0xb0, 0x19, 0x98, 0x31, 0x8e, 0x61, 0x86,
    0x1, 0x80, 0x1, 0x80,

    /* U+672A "未" */
    0x3, 0x0, 0xc, 0x7, 0xff, 0x80, 0xc0, 0x3,
    0x0, 0xc, 0xf, 0xff, 0xc1, 0xe0, 0xf, 0xc0,
    0x6d, 0x83, 0x33, 0x38, 0xc7, 0xc3, 0xc, 0xc,
    0x0,

    /* U+672C "本" */
    0x1, 0x80, 0x3, 0x0, 0x6, 0x3, 0xff, 0xf0,
    0x7e, 0x0, 0xb4, 0x3, 0x6c, 0xc, 0xd8, 0x19,
    0x98, 0x63, 0x19, 0xbf, 0xd8, 0xc, 0x0, 0x18,
    0x0, 0x30, 0x0,

    /* U+672F "术" */
    0x1, 0x80, 0x1, 0xb8, 0x1, 0x9c, 0x1, 0x88,
    0x7f, 0xfe, 0x1, 0xc0, 0x3, 0xe0, 0x7, 0xb0,
    0xd, 0xb8, 0x19, 0x9c, 0x71, 0x8e, 0x61, 0x86,
    0x1, 0x80, 0x1, 0x80,

    /* U+673A "机" */
    0x31, 0xf0, 0x62, 0x20, 0xc4, 0x47, 0xe8, 0x83,
    0x11, 0x6, 0x22, 0x1e, 0x44, 0x3e, 0x88, 0x75,
    0x11, 0xe2, 0x22, 0xcc, 0x49, 0x90, 0x93, 0x61,
    0x26, 0x83, 0xc0,

    /* U+6751 "村" */
    0x30, 0x18, 0x60, 0x30, 0xc0, 0x67, 0xff, 0xf3,
    0x1, 0x86, 0x3, 0x1e, 0x66, 0x3e, 0xcc, 0x74,
    0xd9, 0xe1, 0xb2, 0xc0, 0x61, 0x80, 0xc3, 0x1,
    0x86, 0xe, 0x0,

    /* U+6761 "条" */
    0x6, 0x0, 0x1f, 0xe0, 0x71, 0x83, 0xb7, 0x0,
    0x38, 0x1, 0xfc, 0x3f, 0xf, 0xa0, 0x80, 0x3f,
    0xf8, 0x2, 0x0, 0x65, 0x81, 0x89, 0x86, 0x11,
    0x80, 0xe1, 0x0,

    /* U+6765 "来" */
    0x3, 0x0, 0xc, 0x7, 0xff, 0x80, 0xc4, 0x33,
    0x30, 0x4c, 0x81, 0x36, 0x3f, 0xff, 0x7, 0x80,
    0x3f, 0x1, 0xb6, 0x1c, 0xce, 0xc3, 0xc, 0xc,
    0x0,

    /* U+6781 "极" */
    0x27, 0xf0, 0x84, 0xc2, 0x13, 0x3e, 0x48, 0x21,
    0x21, 0xc5, 0xf7, 0x10, 0x9a, 0xe6, 0xe2, 0x9a,
    0x8b, 0xca, 0x66, 0x9, 0x1c, 0x2c, 0xdc, 0xa6,
    0x30,

    /* U+6797 "林" */
    0x10, 0x20, 0x40, 0x81, 0x2, 0x3f, 0x7f, 0x30,
    0x70, 0xe1, 0xc7, 0xc7, 0x15, 0x3e, 0xd1, 0xaa,
    0x4c, 0xb9, 0x32, 0x44, 0x88, 0x10, 0x20, 0x40,
    0x80,

    /* U+679C "果" */
    0x3f, 0xf8, 0x8c, 0x62, 0x31, 0x8f, 0xfe, 0x23,
    0x18, 0x8c, 0x63, 0xff, 0x80, 0xc0, 0xff, 0xfc,
    0x1f, 0x1, 0xb6, 0x1c, 0xce, 0xe3, 0x1c, 0xc,
    0x0,

    /* U+67AA "枪" */
    0x20, 0xc0, 0x83, 0x82, 0x1a, 0x3e, 0xcc, 0x26,
    0x1d, 0xff, 0xd7, 0x21, 0x1a, 0x84, 0xea, 0x12,
    0x8b, 0xca, 0x20, 0x88, 0x83, 0x22, 0x8, 0x8f,
    0xe0,

    /* U+6811 "树" */
    0x20, 0x8, 0x80, 0x22, 0x78, 0xbc, 0x7f, 0x25,
    0x8, 0xd4, 0x27, 0x36, 0x9e, 0xca, 0x73, 0x2b,
    0x8e, 0x2a, 0x68, 0x89, 0x22, 0x2c, 0x8, 0x80,
    0xe0,

    /* U+6837 "样" */
    0x23, 0x8, 0x84, 0x62, 0x19, 0x3f, 0xff, 0x20,
    0x40, 0xc1, 0x7, 0x3f, 0x9a, 0x10, 0xe0, 0x42,
    0x9f, 0xfa, 0x4, 0x8, 0x10, 0x20, 0x40, 0x81,
    0x0,

    /* U+6839 "根" */
    0x23, 0xf8, 0x88, 0x2f, 0xa0, 0xbe, 0xfe, 0x32,
    0x8, 0xc8, 0x27, 0xbf, 0x9a, 0x90, 0xe2, 0x6e,
    0x89, 0xea, 0x23, 0x8, 0x86, 0x27, 0xdc, 0x98,
    0x10,

    /* U+6885 "梅" */
    0x21, 0x0, 0x8f, 0xf2, 0x20, 0x3d, 0x80, 0x27,
    0xf8, 0xcd, 0x27, 0x32, 0x9b, 0xff, 0x62, 0x8a,
    0x89, 0xaa, 0x20, 0x88, 0xff, 0x20, 0x18, 0x80,
    0xc0,

    /* U+6A21 "模" */
    0x21, 0x30, 0x9f, 0xf2, 0x13, 0x3f, 0xfe, 0x26,
    0x8, 0xdf, 0xe7, 0x60, 0x9d, 0xfe, 0x60, 0xc2,
    0x83, 0xa, 0xff, 0xc8, 0x68, 0x23, 0x38, 0xb0,
    0x30,

    /* U+6B21 "次" */
    0x2, 0x0, 0x6, 0x3, 0x88, 0x1, 0xbf, 0xe0,
    0x60, 0xc1, 0x99, 0x83, 0x32, 0x0, 0x60, 0x30,
    0xe0, 0xc3, 0xc1, 0x86, 0xc6, 0x19, 0x8c, 0x61,
    0xc3, 0x81, 0xc0, 0x0, 0x0,

    /* U+6B4C "歌" */
    0x0, 0x21, 0xff, 0x40, 0x9, 0x83, 0xd3, 0xf4,
    0xa4, 0x69, 0x5a, 0xde, 0xb5, 0x1, 0x4a, 0xff,
    0x90, 0x4, 0x21, 0xe8, 0xe2, 0x51, 0x47, 0xa6,
    0xc8, 0x58, 0xc3, 0xe0, 0x80,

    /* U+6B64 "此" */
    0x18, 0xc0, 0x63, 0x1, 0x8c, 0x16, 0x30, 0x58,
    0xc9, 0x7b, 0xe5, 0x8e, 0x16, 0x30, 0x58, 0xc1,
    0x63, 0x5, 0x8c, 0x16, 0x31, 0x5e, 0xc7, 0xe3,
    0xe0,

    /* U+6B65 "步" */
    0x33, 0x0, 0xcf, 0xe3, 0x30, 0xc, 0xc0, 0xff,
    0xfc, 0xc, 0x1, 0xb1, 0x8c, 0xcc, 0x63, 0x71,
    0xf, 0x80, 0x38, 0x7, 0xc0, 0xf8, 0x0, 0x0,
    0x0,

    /* U+6BCF "每" */
    0x0, 0x0, 0x60, 0x1, 0xff, 0xcc, 0x0, 0x60,
    0x3, 0x7f, 0xc5, 0x31, 0x4, 0x64, 0x10, 0x93,
    0xff, 0xf3, 0x31, 0xc, 0x64, 0x3f, 0xfc, 0x0,
    0x40, 0xe, 0x0,

    /* U+6BD4 "比" */
    0x61, 0x81, 0x86, 0x6, 0x18, 0x18, 0x63, 0x61,
    0x9d, 0xff, 0xc6, 0x1e, 0x18, 0x60, 0x61, 0x81,
    0x86, 0x6, 0x18, 0x59, 0xe1, 0x7f, 0x87, 0x87,
    0xe0,

    /* U+6C11 "民" */
    0x7f, 0xf9, 0x80, 0x66, 0x1, 0x98, 0x6, 0x7f,
    0xf9, 0x8c, 0x6, 0x30, 0x18, 0x40, 0x7f, 0xfd,
    0x82, 0x6, 0x8, 0x18, 0x11, 0x7e, 0x67, 0xc0,
    0x70,

    /* U+6C14 "气" */
    0x8, 0x0, 0x30, 0x0, 0x7f, 0xf0, 0x80, 0x2,
    0x0, 0xd, 0xff, 0x30, 0x0, 0x1f, 0xf8, 0x0,
    0x30, 0x0, 0x20, 0x0, 0x40, 0x0, 0x80, 0x1,
    0x20, 0x3, 0x40, 0x3, 0x80,

    /* U+6C34 "水" */
    0x1, 0x80, 0x1, 0x80, 0x1, 0x80, 0x1, 0x84,
    0x7d, 0x8c, 0xd, 0xf8, 0xd, 0xe0, 0x9, 0xa0,
    0x19, 0xb0, 0x19, 0x98, 0x31, 0x8c, 0x61, 0x87,
    0x41, 0x82, 0x7, 0x0,

    /* U+6C99 "沙" */
    0x20, 0x60, 0x38, 0x60, 0x3, 0x6c, 0x3, 0x64,
    0x42, 0x66, 0x76, 0x62, 0x6, 0x62, 0x4, 0x64,
    0x18, 0x6c, 0x18, 0x18, 0x30, 0x30, 0x20, 0xe0,
    0x67, 0xc0, 0x6, 0x0,

    /* U+6CA1 "没" */
    0x71, 0xf0, 0x32, 0x20, 0x4, 0x40, 0x18, 0x84,
    0x61, 0xee, 0xc0, 0x4, 0x0, 0x3, 0xfc, 0x3,
    0x18, 0x32, 0x30, 0x46, 0xc1, 0x87, 0x6, 0x3b,
    0x8c, 0xe3, 0x80,

    /* U+6CB3 "河" */
    0x20, 0x0, 0x7f, 0xfc, 0x40, 0x30, 0x0, 0x60,
    0x0, 0xc8, 0x7d, 0x9c, 0x9b, 0x9, 0x36, 0x2,
    0x6c, 0x4, 0xd8, 0x6f, 0xb0, 0x90, 0x63, 0x0,
    0xcc, 0x1, 0x98, 0x1e, 0x0,

    /* U+6CBB "治" */
    0x61, 0x81, 0xc4, 0x1, 0x36, 0x0, 0x8c, 0x84,
    0x1b, 0xbf, 0xf2, 0xe0, 0xc0, 0x0, 0x17, 0xf8,
    0xd0, 0x62, 0x41, 0x99, 0x6, 0xc7, 0xf9, 0x10,
    0x60,

    /* U+6CD5 "法" */
    0x20, 0x40, 0xe1, 0x0, 0x3f, 0x80, 0x10, 0xe0,
    0x40, 0xc1, 0x0, 0x7f, 0xc0, 0x30, 0x19, 0x80,
    0x46, 0x43, 0x31, 0x98, 0xff, 0x63, 0xcc, 0x0,
    0x0,

    /* U+6D3B "活" */
    0x0, 0x0, 0xe1, 0xf8, 0x6f, 0x80, 0x3, 0x0,
    0x6, 0xc, 0xff, 0xcc, 0x18, 0x8, 0x30, 0x0,
    0x60, 0x17, 0xf8, 0x48, 0x11, 0x90, 0x22, 0x20,
    0x4c, 0x7f, 0x80, 0x81, 0x0,

    /* U+6D41 "流" */
    0x20, 0x40, 0x60, 0xc0, 0x5f, 0xf8, 0x4, 0x44,
    0x10, 0xce, 0xff, 0xc4, 0x0, 0x81, 0xa4, 0xb,
    0x48, 0x36, 0x90, 0xc9, 0x21, 0x92, 0x56, 0x64,
    0xa8, 0x81, 0xc0,

    /* U+6D77 "海" */
    0x2, 0x0, 0xe6, 0x0, 0x4f, 0xf8, 0x30, 0x0,
    0xc0, 0x1, 0x7f, 0x98, 0xb3, 0x11, 0x16, 0xf,
    0xfe, 0x6d, 0x18, 0xd9, 0x31, 0x33, 0x66, 0x7f,
    0xe8, 0x1, 0x10, 0x1e, 0x0,

    /* U+6DF1 "深" */
    0x0, 0x0, 0x77, 0xfe, 0x14, 0x2, 0x4, 0x92,
    0x1, 0x98, 0x63, 0xc, 0x76, 0x4, 0x0, 0x60,
    0x7, 0xfe, 0x10, 0xf0, 0x31, 0xf8, 0x23, 0x6c,
    0x66, 0x66, 0x64, 0x62, 0x0, 0x60,

    /* U+6E05 "清" */
    0x40, 0x40, 0xef, 0xf8, 0x41, 0x0, 0x3f, 0xe0,
    0x4, 0x1d, 0xff, 0xc8, 0x0, 0x3, 0xfe, 0x6,
    0xc, 0x6f, 0xf8, 0xd8, 0x33, 0x3f, 0xe6, 0x60,
    0xc8, 0xc7, 0x0,

    /* U+6E10 "渐" */
    0x46, 0x1, 0xd8, 0xf1, 0xfe, 0x1, 0x18, 0xc7,
    0x7d, 0xbd, 0xf0, 0xfe, 0x80, 0xda, 0x33, 0xe8,
    0xbf, 0xa6, 0xf4, 0x98, 0xd2, 0x43, 0x49, 0xd,
    0x20,

    /* U+6EE1 "满" */
    0x43, 0x31, 0xff, 0xf0, 0x33, 0x0, 0x0, 0xf,
    0xff, 0x84, 0x80, 0xff, 0xc3, 0x4b, 0x3d, 0x2c,
    0xb7, 0xf6, 0xed, 0xdb, 0xb3, 0xcc, 0xd, 0x30,
    0x70,

    /* U+706B "火" */
    0x3, 0x0, 0x6, 0x0, 0xc, 0x1, 0x98, 0x62,
    0x30, 0x8c, 0x63, 0x18, 0xc4, 0x63, 0x98, 0x7,
    0x80, 0xf, 0x0, 0x33, 0x0, 0xc3, 0x7, 0x3,
    0x9c, 0x3, 0x80, 0x0, 0x0,

    /* U+70B9 "点" */
    0x1, 0x0, 0x7, 0xf0, 0x10, 0x0, 0x40, 0x1,
    0x0, 0xff, 0xe2, 0x1, 0x88, 0x6, 0x3f, 0xf8,
    0x0, 0x2, 0x6c, 0x99, 0x93, 0xc6, 0x44, 0x0,
    0x0,

    /* U+70ED "热" */
    0x20, 0x80, 0x82, 0xf, 0xbf, 0x8, 0x24, 0x20,
    0x91, 0xee, 0x4e, 0x19, 0x8, 0x7c, 0x23, 0x55,
    0x98, 0x34, 0x1, 0x13, 0x26, 0xcc, 0xca, 0x33,
    0x30,

    /* U+7136 "然" */
    0x18, 0x78, 0xf9, 0xa3, 0x26, 0x1f, 0xff, 0xc4,
    0x60, 0xf1, 0x81, 0x8f, 0x6, 0x36, 0x71, 0x9d,
    0xc, 0x30, 0x0, 0x19, 0x26, 0x44, 0xcf, 0x13,
    0x10,

    /* U+7167 "照" */
    0x7b, 0xfc, 0x90, 0x89, 0x23, 0x12, 0x4e, 0x27,
    0xf9, 0xcf, 0x60, 0x12, 0x7f, 0x24, 0x82, 0x79,
    0x4, 0xf3, 0xf8, 0xb3, 0x33, 0x62, 0x24, 0xc6,
    0x68, 0x88, 0x0,

    /* U+722C "爬" */
    0xf, 0x0, 0xf5, 0xf9, 0x4a, 0x92, 0x95, 0x25,
    0x2a, 0x4a, 0x5f, 0x94, 0xa0, 0x29, 0x42, 0x52,
    0x84, 0xa7, 0xf9, 0x44, 0x2, 0x8c, 0xd, 0xf,
    0xd2, 0x7, 0x80,

    /* U+7231 "爱" */
    0x0, 0x9, 0xff, 0xe1, 0x11, 0x4, 0x4c, 0x19,
    0x31, 0xff, 0xf4, 0x40, 0x5f, 0xff, 0xc, 0x0,
    0x30, 0x0, 0xff, 0x87, 0x8c, 0x33, 0xe1, 0x8f,
    0xc4, 0xe3, 0xc0,

    /* U+7247 "片" */
    0x30, 0xc0, 0xc3, 0x3, 0xc, 0xc, 0x30, 0x3f,
    0xfc, 0xc0, 0x3, 0x0, 0xc, 0x0, 0x3f, 0xf0,
    0xc0, 0xc6, 0x3, 0x18, 0xc, 0xc0, 0x32, 0x0,
    0xc0,

    /* U+725B "牛" */
    0x3, 0x0, 0xcc, 0x3, 0x30, 0xf, 0xfe, 0x63,
    0x3, 0xc, 0x4, 0x30, 0x0, 0xc0, 0xff, 0xfc,
    0xc, 0x0, 0x30, 0x0, 0xc0, 0x3, 0x0, 0xc,
    0x0,

    /* U+7269 "物" */
    0x11, 0x80, 0xa3, 0x1, 0x47, 0xfb, 0xff, 0xfd,
    0x25, 0x72, 0xda, 0xc4, 0x2d, 0x8e, 0xdb, 0xf1,
    0x27, 0xa6, 0xcc, 0x49, 0x18, 0x86, 0x71, 0x18,
    0xc2, 0x27, 0x80,

    /* U+7279 "特" */
    0x10, 0x20, 0xa3, 0xf9, 0xf0, 0x83, 0xe1, 0x5,
    0x3f, 0xfa, 0x1, 0x4, 0x2, 0x8, 0x4, 0x3f,
    0xfe, 0xe0, 0x10, 0x46, 0x20, 0x86, 0x41, 0x0,
    0x82, 0x7, 0x0,

    /* U+73B0 "现" */
    0xfb, 0xf8, 0x88, 0x22, 0x24, 0x88, 0x92, 0x22,
    0x4b, 0xe9, 0x22, 0x24, 0x88, 0x92, 0x20, 0x40,
    0x83, 0x83, 0x8e, 0x7c, 0x59, 0x83, 0x64, 0x30,
    0xf0,

    /* U+73CD "珍" */
    0x0, 0x41, 0xf1, 0xc0, 0x82, 0x81, 0x8, 0xc2,
    0x60, 0xc5, 0x88, 0xbe, 0x60, 0x11, 0x98, 0x20,
    0x60, 0x41, 0x98, 0xae, 0x63, 0xc1, 0x8c, 0xe,
    0x0, 0xf0, 0x0, 0x80, 0x0,

    /* U+7406 "理" */
    0xfb, 0xfc, 0x44, 0x88, 0x89, 0x11, 0x1f, 0xe2,
    0x24, 0x5f, 0x48, 0x88, 0xff, 0x10, 0x20, 0x20,
    0x40, 0x57, 0xf9, 0xe1, 0x7, 0x82, 0xc, 0x4,
    0x1, 0xff, 0xc0,

    /* U+751F "生" */
    0x13, 0x0, 0xcc, 0x3, 0x30, 0x1f, 0xfe, 0x43,
    0x3, 0xc, 0x0, 0x30, 0xf, 0xfe, 0x3, 0x0,
    0xc, 0x0, 0x30, 0x0, 0xc0, 0x3, 0x3, 0xff,
    0xf0,

    /* U+7528 "用" */
    0x3f, 0xfc, 0xc4, 0x13, 0x10, 0x4c, 0x41, 0x3f,
    0xfc, 0xc4, 0x13, 0x10, 0x4f, 0xff, 0x31, 0x4,
    0x84, 0x16, 0x10, 0x58, 0x41, 0xc1, 0x3c,

    /* U+7531 "由" */
    0x6, 0x0, 0x60, 0x6, 0xf, 0xff, 0x86, 0x38,
    0x63, 0x86, 0x3f, 0xff, 0x86, 0x38, 0x63, 0x86,
    0x38, 0x63, 0xff, 0xf8, 0x3,

    /* U+753B "画" */
    0xff, 0xf8, 0x0, 0x0, 0x0, 0x0, 0x1, 0xfc,
    0x69, 0x2f, 0x49, 0x7b, 0xfb, 0xd2, 0x5e, 0x92,
    0xf7, 0xf7, 0x80, 0x3f, 0xff, 0x80, 0xc,

    /* U+754C "界" */
    0x3f, 0xf8, 0x46, 0x30, 0x8c, 0x61, 0xff, 0xc2,
    0x31, 0x84, 0x63, 0xf, 0xfe, 0x6, 0x20, 0x38,
    0x71, 0xd0, 0xbc, 0x21, 0x0, 0xc2, 0x3, 0x84,
    0x4, 0x8, 0x0,

    /* U+767D "白" */
    0x0, 0x0, 0x60, 0xc, 0xf, 0xff, 0xc0, 0x3c,
    0x3, 0xc0, 0x3c, 0x3, 0xff, 0xfc, 0x3, 0xc0,
    0x3c, 0x3, 0xc0, 0x3f, 0xff, 0xc0, 0x30,

    /* U+767E "百" */
    0xff, 0xfc, 0xc, 0x0, 0x20, 0x0, 0x80, 0x3f,
    0xf0, 0x80, 0x42, 0x1, 0x8, 0x4, 0x3f, 0xf0,
    0x80, 0x42, 0x1, 0x8, 0x4, 0x3f, 0xf0, 0x80,
    0x40,

    /* U+7684 "的" */
    0x0, 0x0, 0x86, 0x2, 0x18, 0x3e, 0x7f, 0x8b,
    0xe, 0x28, 0x38, 0xe0, 0xe2, 0x63, 0xf9, 0x8e,
    0x23, 0x38, 0x84, 0xe2, 0x3, 0xf8, 0xe, 0x0,
    0x68, 0xf, 0x80,

    /* U+76F4 "直" */
    0x3, 0x0, 0xc, 0xf, 0xff, 0xc0, 0x80, 0x3f,
    0xf0, 0xc0, 0xc3, 0x3, 0xf, 0xfc, 0x30, 0x30,
    0xff, 0xc3, 0x3, 0xf, 0xfc, 0x30, 0x30, 0xc0,
    0xcf, 0xff, 0xc0,

    /* U+76F8 "相" */
    0x31, 0xfc, 0xc4, 0x1f, 0xd0, 0x7f, 0x41, 0x31,
    0xfc, 0xc4, 0x17, 0x90, 0x5f, 0x41, 0xf5, 0xfe,
    0xc4, 0x1b, 0x10, 0x4c, 0x41, 0x31, 0xfc, 0xc4,
    0x10,

    /* U+770B "看" */
    0x0, 0x1, 0xff, 0xe0, 0x60, 0x1f, 0xfe, 0x4,
    0x0, 0x30, 0xf, 0xff, 0xc6, 0x0, 0x1f, 0xf0,
    0xe0, 0x4f, 0xff, 0x36, 0x4, 0x1f, 0xf0, 0x60,
    0x41, 0xff, 0x0,

    /* U+771F "真" */
    0x3, 0x3, 0xff, 0xf0, 0x30, 0xf, 0xfc, 0x30,
    0x30, 0xff, 0xc3, 0xff, 0xc, 0xc, 0x3f, 0xf0,
    0xc0, 0xcf, 0xff, 0xc2, 0x18, 0x38, 0x3b, 0x80,
    0x30,

    /* U+773C "眼" */
    0xf3, 0xfa, 0x48, 0x29, 0x20, 0xa4, 0xfe, 0xf2,
    0xa, 0x48, 0x29, 0x3f, 0xbc, 0x90, 0x92, 0x4e,
    0x49, 0xe9, 0x23, 0x3c, 0x84, 0x7, 0xcc,

    /* U+7740 "着" */
    0xc, 0x10, 0x18, 0x60, 0xff, 0xf0, 0x8, 0x3,
    0xff, 0xc0, 0x40, 0x1f, 0xff, 0x86, 0x0, 0xf,
    0xfc, 0x38, 0x18, 0xff, 0xf7, 0x60, 0x64, 0xff,
    0xc1, 0x81, 0x83, 0xff, 0x0,

    /* U+775B "睛" */
    0xf0, 0xc4, 0xbf, 0xe4, 0x31, 0x2f, 0xff, 0xc,
    0x4f, 0xfe, 0x40, 0x1e, 0x7e, 0xf2, 0x14, 0x9f,
    0xa4, 0x85, 0xe7, 0xe0, 0x21, 0x1, 0x18,

    /* U+7761 "睡" */
    0x0, 0x13, 0xdf, 0xc9, 0xc, 0x24, 0x30, 0x97,
    0xff, 0xdf, 0xf9, 0x2d, 0x27, 0xff, 0xff, 0xfe,
    0x4b, 0x49, 0x2d, 0x25, 0xff, 0xf0, 0xc0, 0x3,
    0x0, 0x7f, 0x80,

    /* U+77E5 "知" */
    0x60, 0x1, 0x87, 0xf7, 0xff, 0xf4, 0x63, 0x91,
    0x8c, 0x46, 0x3f, 0xf8, 0xc4, 0x63, 0x19, 0x8c,
    0xf6, 0x32, 0x58, 0xd9, 0xff, 0xc1, 0x8f, 0x6,
    0x30,

    /* U+77F3 "石" */
    0x7f, 0xfe, 0xc, 0x0, 0x18, 0x0, 0x60, 0x0,
    0xc0, 0x3, 0xff, 0x8e, 0x3, 0x34, 0x6, 0xe8,
    0xc, 0x90, 0x18, 0x20, 0x30, 0x7f, 0xe0, 0x80,
    0xc0,

    /* U+7801 "码" */
    0xfd, 0xf8, 0x80, 0x62, 0x1, 0x98, 0x66, 0x61,
    0x99, 0x84, 0x4f, 0xd1, 0x33, 0x7f, 0xcc, 0x5,
    0x30, 0x34, 0xff, 0xdf, 0x3, 0x40, 0x8, 0x0,
    0xe0,

    /* U+7814 "研" */
    0xfd, 0xfc, 0x41, 0x10, 0x82, 0x23, 0x4, 0x46,
    0x8, 0x8f, 0x91, 0x33, 0xff, 0xe6, 0x44, 0xcc,
    0x88, 0x99, 0x11, 0x36, 0x23, 0xe8, 0x44, 0x30,
    0x80, 0x21, 0x0,

    /* U+7834 "破" */
    0xf8, 0x40, 0x81, 0x6, 0x3f, 0x98, 0x92, 0x42,
    0x49, 0xe9, 0x2f, 0xbf, 0xb6, 0xc6, 0xdb, 0x91,
    0x6a, 0xc5, 0xe6, 0x1f, 0x18, 0x4f, 0x9c, 0x0,
    0x0,

    /* U+786E "确" */
    0x1, 0x83, 0xe4, 0x2, 0x3f, 0x98, 0x8c, 0x66,
    0x61, 0x3f, 0xff, 0xa4, 0x76, 0xff, 0xda, 0x45,
    0x69, 0x15, 0xbf, 0xd6, 0x91, 0x7e, 0x45, 0x11,
    0x14, 0xc5, 0xc0,

    /* U+793E "社" */
    0x30, 0x20, 0x30, 0x41, 0xf0, 0x80, 0x61, 0x0,
    0x82, 0x3, 0x3f, 0xce, 0x8, 0x3e, 0x10, 0x54,
    0x20, 0x20, 0x40, 0x40, 0x80, 0x81, 0x1, 0x3f,
    0xe2, 0x0, 0x0,

    /* U+795E "神" */
    0x20, 0x41, 0x82, 0x3e, 0xfe, 0x34, 0x91, 0x24,
    0x91, 0xfd, 0xc9, 0x3f, 0x49, 0xee, 0x4d, 0x5f,
    0xc8, 0x10, 0x40, 0x82, 0x4, 0x10, 0x20,

    /* U+79BB "离" */
    0x0, 0x0, 0xc, 0xf, 0xff, 0xc0, 0x0, 0x27,
    0x90, 0x9e, 0x42, 0x85, 0xf, 0xfc, 0x3, 0x1,
    0xff, 0xe4, 0x48, 0x93, 0x12, 0x5f, 0xe9, 0x0,
    0x24, 0x3, 0x80,

    /* U+79CD "种" */
    0xc, 0x63, 0xe1, 0x81, 0x6, 0x4, 0xff, 0xfe,
    0x64, 0xc9, 0x93, 0xa6, 0x5f, 0x99, 0x57, 0xff,
    0x49, 0x99, 0x6, 0x4, 0x18, 0x10, 0x60, 0x41,
    0x80,

    /* U+79D1 "科" */
    0x8, 0x13, 0xe6, 0x43, 0xd, 0xc, 0x14, 0xfc,
    0x10, 0xc6, 0x43, 0x8d, 0x1f, 0x4, 0x78, 0x1f,
    0xcf, 0xfb, 0x39, 0xc, 0x4, 0x30, 0x10, 0xc0,
    0x40,

    /* U+7A76 "究" */
    0x6, 0x0, 0xc, 0x3, 0xff, 0xf4, 0x4, 0x69,
    0x8e, 0xce, 0x7, 0x13, 0x6, 0x6, 0x0, 0x7f,
    0xe0, 0x18, 0xc0, 0x31, 0x80, 0xc3, 0x23, 0x86,
    0x6e, 0xc, 0xb0, 0x1f, 0x0,

    /* U+7A7A "空" */
    0x2, 0x0, 0xc, 0xf, 0xff, 0xe0, 0x3, 0x8c,
    0xcc, 0xe1, 0xcf, 0x3, 0xb0, 0x2, 0x3f, 0xf0,
    0xc, 0x0, 0x30, 0x0, 0xc0, 0x3, 0x3, 0xff,
    0xf0,

    /* U+7A7F "穿" */
    0x2, 0x0, 0x18, 0x3f, 0xff, 0x0, 0x31, 0x8e,
    0x38, 0x3b, 0x0, 0xcf, 0xfe, 0x60, 0x43, 0x2,
    0x1f, 0xfe, 0x6, 0x81, 0xe4, 0x78, 0x22, 0x7,
    0x0,

    /* U+7ACB "立" */
    0x2, 0x0, 0xc, 0x0, 0x30, 0x1f, 0xfe, 0x0,
    0x0, 0x40, 0x81, 0x86, 0x6, 0x18, 0x8, 0x40,
    0x23, 0x0, 0xcc, 0x0, 0x20, 0xff, 0xfc,

    /* U+7AD9 "站" */
    0x20, 0x60, 0x60, 0xc0, 0x41, 0x87, 0xe3, 0xf4,
    0x86, 0x9, 0xc, 0x12, 0x18, 0x25, 0xfe, 0x5b,
    0xc, 0xa6, 0x18, 0xfc, 0x37, 0x98, 0x60, 0x3f,
    0xc0, 0x61, 0x80,

    /* U+7AE0 "章" */
    0x3, 0x1, 0xff, 0xe1, 0x86, 0x2, 0x10, 0xff,
    0xfc, 0x0, 0x3, 0xff, 0xf, 0xfc, 0x20, 0x10,
    0xff, 0xc0, 0x30, 0x3f, 0xff, 0x3, 0x0, 0xc,
    0x0,

    /* U+7B11 "笑" */
    0x20, 0x80, 0x82, 0x7, 0xff, 0xd6, 0xc8, 0xdb,
    0x30, 0x1, 0xe7, 0xfe, 0x0, 0xc0, 0x3, 0x3,
    0xff, 0xf0, 0x78, 0x3, 0x30, 0x18, 0x63, 0xc0,
    0xf4, 0x0, 0x80,

    /* U+7B2C "第" */
    0x10, 0x40, 0xff, 0xf6, 0xc9, 0x11, 0x20, 0x3f,
    0xf8, 0x4, 0x20, 0x10, 0x8f, 0xfe, 0x31, 0x0,
    0xff, 0xf0, 0x70, 0xc7, 0x42, 0x79, 0x39, 0x84,
    0x0,

    /* U+7B49 "等" */
    0x20, 0xc1, 0xff, 0xfd, 0x32, 0x26, 0x4c, 0x3f,
    0xf8, 0xc, 0x0, 0x30, 0x3f, 0xff, 0x0, 0x61,
    0xff, 0xf1, 0x86, 0x6, 0x18, 0xc, 0x60, 0x7,
    0x80,

    /* U+7B54 "答" */
    0x30, 0x40, 0x7d, 0xf9, 0xa6, 0x42, 0x68, 0x80,
    0x38, 0x0, 0xdc, 0x6, 0xe, 0x7f, 0xf7, 0x40,
    0x0, 0x3f, 0xe0, 0x40, 0x40, 0x80, 0x81, 0x1,
    0x3, 0xfe, 0x0,

    /* U+7B97 "算" */
    0x20, 0x81, 0xff, 0xfd, 0xb3, 0xf, 0xfc, 0x20,
    0x10, 0xff, 0xc2, 0x1, 0xf, 0xfc, 0x3f, 0xf0,
    0x21, 0x80, 0x86, 0x3f, 0xff, 0x18, 0x61, 0x81,
    0x80,

    /* U+7C7B "类" */
    0x3, 0x10, 0x66, 0x60, 0x6d, 0x87, 0xff, 0xe0,
    0xfc, 0x3, 0x6e, 0x3c, 0xc7, 0x61, 0x80, 0x3,
    0x1, 0xff, 0xf8, 0x1e, 0x0, 0x66, 0xf, 0x87,
    0xdc, 0x3, 0x80,

    /* U+7CFB "系" */
    0x1, 0xf1, 0xff, 0x0, 0xc2, 0x6, 0x38, 0x7f,
    0x80, 0x1c, 0x81, 0xc3, 0xc, 0x6, 0x7f, 0xf8,
    0xc, 0x23, 0x37, 0x18, 0xc6, 0xc3, 0xc, 0x3c,
    0x0,

    /* U+7D27 "紧" */
    0x4b, 0xf9, 0x26, 0x44, 0x8e, 0x12, 0xfe, 0xf,
    0x3c, 0x30, 0x20, 0x88, 0xf, 0xf0, 0xe, 0x31,
    0xff, 0xe4, 0x30, 0x86, 0xd8, 0x73, 0x19, 0x1c,
    0x20,

    /* U+7EA7 "级" */
    0x18, 0x0, 0x37, 0xf0, 0x42, 0x61, 0x84, 0x86,
    0x49, 0xd, 0x96, 0x1e, 0x2f, 0x8, 0x46, 0x35,
    0xcc, 0xfa, 0x91, 0x85, 0xe0, 0x69, 0x83, 0xf3,
    0x8c, 0x5d, 0x81, 0xa1, 0x0,

    /* U+7EBF "线" */
    0x10, 0x50, 0x20, 0xb0, 0xc1, 0x1, 0x7, 0xe6,
    0xdc, 0x1f, 0x8, 0x6, 0x1f, 0x19, 0xf0, 0x7c,
    0x64, 0xf0, 0xd8, 0x0, 0xe0, 0xe3, 0x87, 0x1f,
    0x60, 0x63, 0x80,

    /* U+7EC6 "细" */
    0x10, 0x0, 0xcf, 0xf2, 0x24, 0x58, 0x91, 0x4e,
    0x47, 0xe9, 0x1f, 0x24, 0x4c, 0xff, 0x66, 0x47,
    0xf9, 0x1e, 0x24, 0x40, 0x91, 0xe, 0x47, 0xff,
    0xf0, 0x20, 0x40,

    /* U+7ECF "经" */
    0x20, 0x0, 0xcf, 0xe2, 0x1, 0x9a, 0xc, 0x4c,
    0x63, 0xe3, 0xcf, 0x3b, 0x8d, 0xc3, 0x60, 0x3,
    0xef, 0xef, 0x4, 0x0, 0x10, 0x18, 0x43, 0xe1,
    0x8, 0x7f, 0xc0,

    /* U+7ED3 "结" */
    0x10, 0x20, 0x60, 0x40, 0x8f, 0xfb, 0x61, 0xd,
    0x82, 0x1f, 0x7f, 0xcc, 0x0, 0x30, 0x0, 0xfd,
    0xfd, 0x2, 0x8, 0x4, 0x13, 0xe8, 0x2f, 0x1f,
    0xc0, 0x20, 0x80,

    /* U+7ED9 "给" */
    0x18, 0x60, 0x10, 0x60, 0x30, 0xf0, 0x24, 0x98,
    0x6d, 0x8c, 0x7b, 0xfe, 0x18, 0x0, 0x30, 0x0,
    0x7d, 0xfc, 0x71, 0xc, 0x1, 0xc, 0x3d, 0xc,
    0x71, 0xfc, 0x1, 0xc,

    /* U+7EDF "统" */
    0x18, 0x60, 0x60, 0x40, 0xcf, 0xfb, 0x66, 0x4,
    0x8c, 0x9f, 0x31, 0x8c, 0xff, 0x91, 0x83, 0x78,
    0x91, 0xe3, 0x20, 0x6, 0x40, 0xec, 0x9f, 0x31,
    0x20, 0xc3, 0xc0,

    /* U+7F16 "编" */
    0x0, 0x40, 0xc1, 0x82, 0x3f, 0xc8, 0x81, 0x4a,
    0x7, 0xef, 0xff, 0x20, 0x8, 0xff, 0x6b, 0x55,
    0xed, 0x5e, 0x35, 0x43, 0xff, 0x3d, 0x57, 0x15,
    0x50, 0x50, 0x40,

    /* U+7FA4 "群" */
    0x0, 0x44, 0xfc, 0x88, 0x69, 0xb0, 0x97, 0xff,
    0xff, 0xe2, 0x42, 0x4, 0x84, 0x3f, 0x7e, 0x30,
    0x10, 0xfc, 0x23, 0xcb, 0xfb, 0x90, 0x83, 0x21,
    0x7, 0xc2, 0xc, 0x4, 0x0,

    /* U+8001 "老" */
    0x6, 0x0, 0x18, 0x67, 0xff, 0x1, 0x98, 0x6,
    0xc3, 0xff, 0xf0, 0x70, 0x3, 0x0, 0x3c, 0x73,
    0xbf, 0xc, 0xe0, 0x3, 0x2, 0xc, 0x8, 0x1f,
    0xe0,

    /* U+8005 "者" */
    0x6, 0x0, 0x18, 0x67, 0xff, 0x1, 0x98, 0x6,
    0xc3, 0xff, 0xf0, 0x60, 0xf, 0xfc, 0xf8, 0x12,
    0x60, 0x41, 0xff, 0x6, 0x4, 0x18, 0x10, 0x7f,
    0xc0,

    /* U+800C "而" */
    0xff, 0xfc, 0xc, 0x0, 0x20, 0x1, 0x80, 0x7f,
    0xf9, 0x32, 0x24, 0xc8, 0x93, 0x22, 0x4c, 0x89,
    0x32, 0x24, 0xc8, 0x93, 0x22, 0x4c, 0x89, 0x32,
    0xe0,

    /* U+80CC "背" */
    0x4, 0xc1, 0xf9, 0xf8, 0x13, 0x1, 0xe6, 0x1e,
    0x4f, 0xe0, 0x80, 0xf, 0xfe, 0x18, 0xc, 0x3f,
    0xf8, 0x60, 0x30, 0xc0, 0x61, 0xff, 0xc3, 0x1,
    0x86, 0xf, 0x0,

    /* U+80DC "胜" */
    0x79, 0x61, 0x2d, 0x84, 0xb6, 0x12, 0xff, 0x7a,
    0x61, 0x39, 0x84, 0xc6, 0x12, 0x18, 0x7b, 0xfd,
    0x21, 0x84, 0x86, 0x12, 0x18, 0xc8, 0x62, 0x7f,
    0xf0,

    /* U+811A "脚" */
    0x79, 0x9d, 0x2f, 0x54, 0xbd, 0x52, 0x65, 0x79,
    0x95, 0x26, 0x54, 0xff, 0x52, 0x45, 0x79, 0x15,
    0x2d, 0x54, 0xad, 0xd3, 0xfc, 0x48, 0x12, 0x60,
    0x40,

    /* U+8138 "脸" */
    0x0, 0x20, 0x78, 0x60, 0x48, 0xf0, 0x48, 0x98,
    0x49, 0xc, 0x7b, 0x6, 0x7f, 0xfa, 0x48, 0x0,
    0x48, 0x66, 0x7b, 0x24, 0x49, 0x2c, 0x49, 0x8,
    0x48, 0x18, 0xcf, 0xfe, 0x98, 0x0,

    /* U+81EA "自" */
    0xc, 0x1, 0x3, 0xff, 0xc0, 0x38, 0x7, 0xff,
    0xe0, 0x1c, 0x3, 0x80, 0x7f, 0xfe, 0x1, 0xc0,
    0x3f, 0xff, 0x0, 0xc0,

    /* U+81F3 "至" */
    0xff, 0xf8, 0x30, 0x1, 0x86, 0x6, 0x1c, 0x30,
    0x39, 0xff, 0xe0, 0x30, 0x0, 0xc0, 0x7f, 0xf8,
    0xc, 0x0, 0x30, 0x0, 0xc0, 0xff, 0xfc,

    /* U+822C "般" */
    0x10, 0x0, 0x21, 0xf1, 0xf2, 0x22, 0x24, 0x45,
    0x48, 0x8a, 0xb1, 0xd1, 0x0, 0x7e, 0xfe, 0x45,
    0x8c, 0xe9, 0x19, 0x53, 0x62, 0xa3, 0xcc, 0x47,
    0x18, 0x9f, 0xa7, 0x61, 0x0,

    /* U+8239 "船" */
    0x10, 0x0, 0x21, 0xf0, 0xc3, 0x23, 0xe6, 0x44,
    0x4c, 0x8a, 0x91, 0x15, 0x62, 0x23, 0xc7, 0xfc,
    0x0, 0x89, 0xf9, 0x52, 0x32, 0xa4, 0x64, 0x48,
    0xd8, 0x9f, 0xa3, 0x23, 0x0,

    /* U+8272 "色" */
    0xc, 0x0, 0x1f, 0xc0, 0x43, 0x3, 0x4, 0xf,
    0xff, 0x84, 0x21, 0x8, 0x42, 0x10, 0x84, 0x3f,
    0xf8, 0x40, 0x0, 0x80, 0x11, 0x0, 0x22, 0x0,
    0x43, 0xff, 0x0,

    /* U+8273 "艳" */
    0x30, 0xc0, 0x61, 0xf3, 0xfe, 0x61, 0xb8, 0x83,
    0x3f, 0xc6, 0x3f, 0xbf, 0x49, 0x18, 0x92, 0x31,
    0xfd, 0xfa, 0x0, 0xc4, 0x1, 0x88, 0x13, 0x10,
    0x66, 0x3f, 0x80,

    /* U+82B1 "花" */
    0x8, 0x43, 0xff, 0xff, 0xff, 0xc2, 0x10, 0x0,
    0x0, 0x66, 0x1, 0x19, 0x8c, 0x6e, 0x71, 0xe3,
    0xce, 0x3, 0x78, 0xc, 0x61, 0x31, 0x84, 0xc3,
    0xf0,

    /* U+82E6 "苦" */
    0x18, 0x63, 0xff, 0xff, 0xff, 0xc6, 0x18, 0x3,
    0x3, 0xff, 0xf0, 0x30, 0x0, 0xc0, 0x3, 0x0,
    0xff, 0xc2, 0x1, 0x8, 0x4, 0x3f, 0xf0, 0x80,
    0x40,

    /* U+82F1 "英" */
    0xc, 0x30, 0x7f, 0xfe, 0x7f, 0xfe, 0xd, 0xb0,
    0x1, 0x80, 0x3f, 0xfc, 0x31, 0x8c, 0x31, 0x8c,
    0x31, 0x8c, 0x7f, 0xfe, 0x3, 0xc0, 0x7, 0x60,
    0x1c, 0x38, 0x78, 0x1e,

    /* U+8349 "草" */
    0x8, 0x43, 0xff, 0xf0, 0x84, 0xf, 0xfc, 0x20,
    0x10, 0x80, 0x43, 0xff, 0x8, 0x4, 0x3f, 0xf0,
    0xc, 0x0, 0x30, 0x3f, 0xff, 0x3, 0x0, 0xc,
    0x0,

    /* U+83DC "菜" */
    0x8, 0x43, 0xff, 0xf0, 0x84, 0x0, 0xc, 0x7f,
    0xe8, 0x8, 0x66, 0x21, 0xc, 0xcc, 0x3, 0x3,
    0xff, 0xf0, 0xfc, 0xe, 0xdc, 0xe3, 0x3e, 0xc,
    0x0,

    /* U+843D "落" */
    0xff, 0xfd, 0xff, 0xf8, 0x61, 0x3, 0x18, 0x3,
    0x3f, 0x82, 0xe3, 0x23, 0x6c, 0x70, 0x70, 0x63,
    0xf8, 0x1c, 0x38, 0xdf, 0xe3, 0x30, 0xcc, 0x7f,
    0x80, 0xc3, 0x0,

    /* U+864E "虎" */
    0x3, 0x0, 0xf, 0xe0, 0x30, 0x1f, 0xff, 0x43,
    0xd, 0x7f, 0xa5, 0x30, 0xd0, 0xff, 0x40, 0x1,
    0x1f, 0x4, 0x44, 0x11, 0x11, 0xc8, 0x46, 0xc1,
    0xf0,

    /* U+884C "行" */
    0x8, 0x0, 0x33, 0xfc, 0xc0, 0x3, 0x0, 0x4,
    0xc0, 0x3, 0x0, 0x4, 0xff, 0x98, 0xc, 0x70,
    0x18, 0xa0, 0x30, 0x40, 0x60, 0x80, 0xc1, 0x1,
    0x82, 0x3, 0x4, 0x1c, 0x0,

    /* U+8863 "衣" */
    0x0, 0x0, 0xc, 0x0, 0x30, 0x3f, 0xff, 0x7,
    0x0, 0x36, 0x21, 0x99, 0x9e, 0x2c, 0xf8, 0xe2,
    0x61, 0x1, 0x86, 0x6, 0x2c, 0x1f, 0x9c, 0xf0,
    0x30, 0x0, 0x0,

    /* U+8868 "表" */
    0x1, 0x80, 0x3f, 0xfc, 0x1, 0x80, 0x3f, 0xfc,
    0x1, 0x80, 0x1, 0x80, 0x7f, 0xfe, 0x6, 0xc0,
    0xc, 0xce, 0x3c, 0x78, 0x6c, 0x30, 0xc, 0x98,
    0xf, 0x8e, 0xc, 0x2,

    /* U+88AB "被" */
    0x20, 0x40, 0x81, 0x2, 0x3f, 0xbe, 0xff, 0x12,
    0x48, 0xc9, 0x22, 0xff, 0x9c, 0xc6, 0xfa, 0x92,
    0xaa, 0xc2, 0x26, 0x9, 0x18, 0x2d, 0xb8, 0x84,
    0x30,

    /* U+88C5 "装" */
    0x18, 0x43, 0x61, 0x7, 0xff, 0xc6, 0x10, 0x78,
    0x42, 0x6f, 0xf1, 0x80, 0x0, 0xc0, 0xff, 0xfc,
    0x36, 0x23, 0x8b, 0x3e, 0x18, 0x1f, 0x38, 0x60,
    0x30,

    /* U+8981 "要" */
    0xff, 0xfc, 0x32, 0x0, 0xc8, 0x1f, 0xfe, 0x4c,
    0x89, 0x32, 0x27, 0xff, 0x81, 0x0, 0xff, 0xfc,
    0x61, 0x83, 0xcc, 0x1, 0xf0, 0x7e, 0xf9, 0x80,
    0x20,

    /* U+89C1 "见" */
    0x3f, 0xf8, 0x60, 0x30, 0xc0, 0x61, 0x88, 0xc3,
    0x11, 0x86, 0x23, 0xc, 0x46, 0x18, 0x8c, 0x33,
    0x18, 0x5, 0x0, 0x1a, 0x8, 0x64, 0x13, 0x88,
    0x7e, 0x1f, 0x80,

    /* U+89C2 "观" */
    0x1, 0xfc, 0xfa, 0x8, 0x14, 0x10, 0x69, 0x26,
    0xd2, 0x4d, 0xa4, 0x8e, 0x49, 0xc, 0x92, 0x18,
    0x20, 0x38, 0xe0, 0xd1, 0xcb, 0x25, 0x9c, 0x19,
    0x28, 0x43, 0x80,

    /* U+89C9 "觉" */
    0x4, 0x23, 0x33, 0x9, 0x99, 0xff, 0xf8, 0x1,
    0xff, 0xfd, 0x81, 0x8c, 0xcc, 0x66, 0x63, 0x33,
    0x3, 0xc0, 0x1a, 0x13, 0x90, 0xf0, 0xfc,

    /* U+89E3 "解" */
    0x20, 0x0, 0x41, 0xf9, 0xf0, 0x92, 0x63, 0x2f,
    0xe4, 0x5a, 0x7b, 0x94, 0xa0, 0x29, 0x28, 0x7e,
    0xfc, 0xa5, 0x21, 0xfa, 0x42, 0x97, 0xf5, 0x21,
    0x1a, 0x42, 0x23, 0x84, 0x0,

    /* U+8BA4 "认" */
    0x0, 0x40, 0xc1, 0x1, 0x84, 0x0, 0x10, 0x0,
    0x43, 0xc1, 0x1, 0x4, 0x4, 0x18, 0x10, 0xe0,
    0x42, 0x81, 0x4b, 0x7, 0x64, 0x33, 0x18, 0x18,
    0x30,

    /* U+8BA9 "让" */
    0x40, 0xc1, 0x83, 0x3, 0xc, 0x0, 0x30, 0x0,
    0xc3, 0x83, 0xe2, 0xc, 0x8, 0x30, 0x20, 0xc0,
    0x83, 0x2, 0x8c, 0xe, 0x30, 0x30, 0xc1, 0xbf,
    0xf0,

    /* U+8BB0 "记" */
    0x40, 0x1, 0x9f, 0xe3, 0x1, 0x80, 0x6, 0x0,
    0x1b, 0x80, 0x62, 0x7f, 0x89, 0x86, 0x26, 0x0,
    0x98, 0x2, 0x60, 0x8f, 0x83, 0x36, 0xc, 0xf,
    0xe0,

    /* U+8BB2 "讲" */
    0x43, 0x31, 0x8c, 0xc3, 0x33, 0x3, 0xff, 0xf,
    0xff, 0x8c, 0xc2, 0x33, 0x8, 0xcc, 0x2f, 0xfc,
    0x8c, 0xc3, 0x33, 0xc, 0x8c, 0x66, 0x30, 0x10,
    0xc0,

    /* U+8BB8 "许" */
    0x42, 0x1, 0x88, 0x2, 0x7f, 0x81, 0x30, 0x4,
    0xc3, 0xb3, 0x2, 0xc, 0xb, 0xff, 0x20, 0xc0,
    0x83, 0x3, 0x8c, 0xc, 0x30, 0x60, 0xc0, 0x3,
    0x0,

    /* U+8BBA "论" */
    0x40, 0xc0, 0xc1, 0x80, 0xc7, 0x80, 0x19, 0x80,
    0x61, 0x9d, 0x81, 0xc8, 0x84, 0x11, 0x1c, 0x23,
    0xe0, 0x47, 0x0, 0xa8, 0x1, 0xd0, 0x23, 0x20,
    0x4c, 0x7f, 0x0,

    /* U+8BC6 "识" */
    0x40, 0x1, 0x8f, 0xe3, 0x21, 0x80, 0x86, 0x2,
    0x1b, 0x88, 0x62, 0x21, 0x88, 0xfe, 0x20, 0x0,
    0x80, 0x2, 0xb3, 0xe, 0xc6, 0x36, 0x19, 0x18,
    0x30,

    /* U+8BDD "话" */
    0x0, 0x8, 0xcf, 0xf8, 0xdd, 0x80, 0x3, 0x0,
    0x6, 0x1c, 0xff, 0xc8, 0x18, 0x10, 0x30, 0x23,
    0xfc, 0x54, 0x18, 0xe8, 0x31, 0x90, 0x66, 0x3f,
    0xc0, 0x41, 0x80,

    /* U+8BE5 "该" */
    0x40, 0x41, 0x81, 0x82, 0x7f, 0xc8, 0x20, 0x1,
    0x93, 0x8c, 0x62, 0x3f, 0x8, 0x1b, 0x21, 0xd8,
    0x9c, 0xe2, 0x27, 0xf, 0x3c, 0x33, 0x99, 0xb8,
    0x30,

    /* U+8BF4 "说" */
    0x1, 0x19, 0x84, 0x43, 0x1b, 0x4, 0xfe, 0x3,
    0xfb, 0xc8, 0x63, 0x21, 0x8c, 0xfe, 0x31, 0xa0,
    0xc6, 0x83, 0xd2, 0xe, 0x49, 0x73, 0x24, 0x18,
    0xf0,

    /* U+8BFB "读" */
    0x40, 0xc1, 0x9f, 0xe3, 0xc, 0x0, 0x30, 0xf,
    0xff, 0x89, 0x22, 0x14, 0x8b, 0x90, 0x22, 0x40,
    0xbf, 0xf3, 0xa, 0xc, 0x6c, 0x27, 0x18, 0x30,
    0x10,

    /* U+8C01 "谁" */
    0x1, 0x21, 0x8c, 0x83, 0x32, 0x1, 0xff, 0x6,
    0x23, 0xb8, 0x82, 0x3f, 0x88, 0x88, 0x22, 0x20,
    0x8f, 0xe2, 0xa2, 0xe, 0x88, 0x63, 0xfc, 0x8,
    0x0,

    /* U+8D25 "败" */
    0x0, 0x0, 0xfc, 0xc1, 0x9, 0x82, 0x12, 0x5,
    0xaf, 0xeb, 0x59, 0x96, 0xe3, 0x2d, 0xa4, 0x5a,
    0x48, 0xb4, 0xf0, 0x60, 0xc0, 0xa1, 0xc3, 0x66,
    0xdc, 0x78, 0xc0, 0x0, 0x0,

    /* U+8D70 "走" */
    0x3, 0x0, 0xc, 0x7, 0xff, 0x80, 0xc0, 0x3,
    0x3, 0xff, 0xf0, 0x30, 0xc, 0xc0, 0x33, 0xf8,
    0xcc, 0x3, 0x30, 0x1e, 0xc0, 0xcf, 0x2, 0x7,
    0xf0,

    /* U+8D76 "赶" */
    0x11, 0xfb, 0xf8, 0x81, 0x2, 0x4, 0x8, 0xfe,
    0x20, 0x47, 0xf1, 0x2, 0x14, 0x8, 0x5e, 0x21,
    0x40, 0x8f, 0x2, 0x3c, 0x0, 0x98, 0x2, 0x3f,
    0xf0, 0x0, 0x0,

    /* U+8D77 "起" */
    0x10, 0xfb, 0xf8, 0x21, 0x0, 0x84, 0x2, 0x10,
    0xb, 0xfb, 0xe5, 0x8, 0x17, 0xa0, 0x5e, 0x85,
    0x42, 0x17, 0xf, 0xbc, 0x0, 0x98, 0x2, 0x3f,
    0xf0, 0x0, 0x0,

    /* U+8D8A "越" */
    0x10, 0x38, 0xfc, 0x58, 0x47, 0xf0, 0x8d, 0x1,
    0x1a, 0x1f, 0xf5, 0x86, 0x6a, 0x2c, 0xdc, 0x5f,
    0xd0, 0xb3, 0x69, 0xe5, 0xd7, 0xc6, 0x6d, 0x80,
    0x11, 0xff, 0x80,

    /* U+8DD1 "跑" */
    0x0, 0x0, 0xf9, 0x1, 0x17, 0xf2, 0x28, 0x24,
    0x70, 0x4f, 0xbc, 0x84, 0x49, 0x28, 0x92, 0x5d,
    0x24, 0xa3, 0xc9, 0x44, 0xf2, 0x88, 0x5, 0xd0,
    0x3f, 0x20, 0x40, 0x7f, 0x0,

    /* U+8DDF "跟" */
    0x7d, 0xfc, 0x8a, 0x9, 0x14, 0x12, 0x2f, 0xe7,
    0xd0, 0x42, 0x20, 0x94, 0x7f, 0x2e, 0xb0, 0x51,
    0x2e, 0xa2, 0x71, 0x54, 0x63, 0xeb, 0xee, 0x3e,
    0xe0, 0x0, 0x0,

    /* U+8DEF "路" */
    0x0, 0x0, 0xfc, 0xc1, 0x19, 0xf2, 0x36, 0x64,
    0x6c, 0x8f, 0xff, 0x6, 0xc, 0xc, 0x1c, 0x58,
    0xec, 0xbf, 0x8d, 0x67, 0xf2, 0xc4, 0x25, 0xe8,
    0x4f, 0xd0, 0xb8, 0x3f, 0x0,

    /* U+8DF3 "跳" */
    0x78, 0x90, 0x95, 0x2d, 0x2a, 0x52, 0x5c, 0xa7,
    0xb9, 0x82, 0x12, 0x14, 0x24, 0x2c, 0xce, 0x57,
    0x96, 0xa9, 0x25, 0x46, 0x43, 0xe8, 0x9f, 0x31,
    0x20, 0xc3, 0xc0,

    /* U+8EAB "身" */
    0x0, 0x0, 0x18, 0x3, 0xfe, 0x8, 0x8, 0x20,
    0x20, 0xff, 0x82, 0x2, 0x8f, 0xfe, 0x20, 0x33,
    0xff, 0x80, 0x1e, 0x0, 0xc8, 0xe, 0x20, 0xe0,
    0x8e, 0x1e, 0x0,

    /* U+8F66 "车" */
    0x6, 0x0, 0x30, 0xf, 0xff, 0xc6, 0x0, 0x19,
    0x80, 0xc6, 0x3, 0x18, 0x1f, 0xfe, 0x1, 0x80,
    0x6, 0xf, 0xff, 0xc0, 0x60, 0x1, 0x80, 0x6,
    0x0,

    /* U+8F6C "转" */
    0x30, 0x20, 0xc1, 0x8f, 0xff, 0xc8, 0x10, 0x78,
    0xc1, 0x6f, 0xff, 0xc8, 0x6, 0x7f, 0x18, 0x19,
    0xf0, 0xcf, 0x9e, 0x6, 0x18, 0x18, 0x30, 0x60,
    0x40,

    /* U+8F7B "轻" */
    0x30, 0x0, 0xc7, 0xe2, 0x1, 0xbf, 0x6, 0x60,
    0x31, 0xc1, 0x85, 0x1f, 0xb4, 0xc3, 0xfc, 0x0,
    0x47, 0xf1, 0xc6, 0x3f, 0x18, 0xf0, 0x60, 0x41,
    0x81, 0x3f, 0xc0,

    /* U+8F93 "输" */
    0x20, 0x20, 0x40, 0xc3, 0xe7, 0xc2, 0x1c, 0x65,
    0x5f, 0x8a, 0x0, 0x3e, 0xf5, 0x7d, 0x2a, 0x13,
    0xd4, 0x34, 0xab, 0xef, 0x56, 0x92, 0xa1, 0x24,
    0x42, 0x5b, 0x80,

    /* U+8FB9 "边" */
    0x40, 0xc0, 0xc1, 0x80, 0xc3, 0x0, 0x7f, 0xe0,
    0xc, 0xdc, 0x19, 0x88, 0x63, 0x10, 0xc6, 0x23,
    0xc, 0x4c, 0x18, 0xb0, 0xe3, 0x80, 0xc, 0x80,
    0x70, 0xff, 0x80,

    /* U+8FC7 "过" */
    0x40, 0x31, 0x0, 0xc6, 0x3, 0xb, 0xff, 0x0,
    0x30, 0x10, 0xce, 0x63, 0x8, 0xcc, 0x20, 0x30,
    0x80, 0xc2, 0x1f, 0x1c, 0x30, 0xcf, 0xfc,

    /* U+8FD0 "运" */
    0xc7, 0xf9, 0x80, 0x2, 0x0, 0x0, 0x0, 0xf,
    0xff, 0x86, 0x2, 0x32, 0x8, 0xc4, 0x26, 0x18,
    0x9f, 0xe2, 0x40, 0x9c, 0x0, 0xc8, 0x6, 0x1f,
    0xf0,

    /* U+8FD1 "近" */
    0x40, 0x19, 0xf, 0xe6, 0x30, 0xc, 0x80, 0x22,
    0x0, 0x8, 0x0, 0x3f, 0xf8, 0x88, 0x22, 0x20,
    0x98, 0x82, 0x62, 0xb, 0x8, 0x64, 0x23, 0x60,
    0x8, 0x7f, 0xc0,

    /* U+8FD8 "还" */
    0x40, 0x0, 0xdf, 0xf8, 0xc3, 0x0, 0x6, 0x0,
    0x1c, 0x0, 0x78, 0x39, 0xfc, 0x17, 0x6c, 0x3c,
    0xcc, 0x41, 0x80, 0x83, 0x3, 0x6, 0x7, 0x0,
    0x19, 0x0, 0xe1, 0xff, 0x0,

    /* U+8FD9 "这" */
    0x41, 0x81, 0x83, 0x3, 0xff, 0xc0, 0xc, 0x4,
    0x20, 0x39, 0x8e, 0x36, 0x8, 0x70, 0x21, 0xe0,
    0x9c, 0xc2, 0xe1, 0x8a, 0x0, 0xf8, 0x6, 0x1f,
    0xf0,

    /* U+8FDB "进" */
    0x43, 0x31, 0x8c, 0xc3, 0x33, 0xb, 0xff, 0x3,
    0x30, 0xc, 0xce, 0x33, 0xb, 0xff, 0x22, 0x30,
    0x98, 0xc2, 0xc3, 0x1c, 0x0, 0xd8, 0x2, 0x1f,
    0xf0,

    /* U+8FDE "连" */
    0x1, 0x0, 0x82, 0x0, 0xbf, 0xf1, 0x98, 0x0,
    0x24, 0x0, 0xc8, 0x39, 0xfe, 0x10, 0x20, 0x20,
    0x40, 0x5f, 0xf8, 0x81, 0x1, 0x2, 0x7, 0x4,
    0x1b, 0x0, 0x61, 0xff, 0x0,

    /* U+9001 "送" */
    0x42, 0x19, 0x8c, 0x42, 0x33, 0x9, 0xff, 0x0,
    0xc3, 0x83, 0x2, 0xff, 0xc8, 0x30, 0x21, 0xe0,
    0x8c, 0xc2, 0x61, 0x99, 0x2, 0xd8, 0x2, 0x1f,
    0xf0,

    /* U+9009 "选" */
    0x0, 0xc3, 0x1b, 0x6, 0x7f, 0x8b, 0x30, 0x0,
    0xc0, 0x3f, 0xfe, 0xff, 0xc8, 0xc8, 0x23, 0x20,
    0x98, 0x92, 0xc3, 0xdc, 0x0, 0x78, 0x3, 0x1f,
    0xf0,

    /* U+901A "通" */
    0x47, 0xf9, 0x0, 0x46, 0x3e, 0x8, 0x38, 0x7,
    0xf8, 0x11, 0x2e, 0x7f, 0x89, 0x12, 0x27, 0xf8,
    0x91, 0x22, 0x44, 0x89, 0x16, 0x58, 0x2, 0x1f,
    0xe0,

    /* U+9020 "造" */
    0x6, 0x41, 0x8c, 0x81, 0x9f, 0xf1, 0x62, 0x0,
    0x4, 0x1, 0xff, 0xb8, 0x0, 0x13, 0xfc, 0x24,
    0x8, 0x48, 0x10, 0x9f, 0xe3, 0x80, 0x7, 0x80,
    0x18, 0xff, 0x80,

    /* U+9053 "道" */
    0x2, 0x13, 0xc, 0xc6, 0xff, 0xc8, 0x20, 0x7,
    0xfb, 0x90, 0x62, 0x7f, 0x89, 0x6, 0x27, 0xf8,
    0x90, 0x62, 0x7f, 0x9c, 0x0, 0xd8, 0x2, 0x1f,
    0xf0,

    /* U+90A3 "那" */
    0xfe, 0x7c, 0xc9, 0x33, 0x24, 0xcc, 0x92, 0xfe,
    0x58, 0xc9, 0x43, 0x24, 0x8c, 0x93, 0xfe, 0x44,
    0xc9, 0x16, 0x24, 0x58, 0x96, 0x42, 0x43, 0x31,
    0x0,

    /* U+90E8 "部" */
    0x10, 0x0, 0x61, 0xf1, 0x84, 0x7f, 0xd3, 0x66,
    0x48, 0x99, 0x22, 0x45, 0xbf, 0xd2, 0x0, 0x45,
    0xf9, 0x14, 0x24, 0x50, 0x97, 0x42, 0x59, 0xf9,
    0x4, 0x24, 0x0,

    /* U+90FD "都" */
    0x11, 0x7d, 0xfd, 0x11, 0x24, 0xc5, 0x92, 0xff,
    0x58, 0x61, 0x63, 0x4, 0x9f, 0x93, 0xe2, 0x46,
    0x89, 0x13, 0xe4, 0x48, 0x96, 0x3e, 0x40, 0x89,
    0x0,

    /* U+91CC "里" */
    0x3f, 0xf8, 0x8c, 0x62, 0x31, 0x8f, 0xfe, 0x23,
    0x18, 0x8c, 0x63, 0xff, 0x80, 0xc0, 0x3, 0x1,
    0xff, 0xe0, 0x30, 0x0, 0xc0, 0x3, 0x3, 0xff,
    0xf0,

    /* U+91CD "重" */
    0x0, 0x30, 0xff, 0x80, 0x30, 0x3f, 0xff, 0x3,
    0x0, 0xff, 0xc2, 0x31, 0xf, 0xfc, 0x23, 0x10,
    0xff, 0xc0, 0x30, 0x1f, 0xfe, 0x3, 0x0, 0xc,
    0xf, 0xff, 0xc0,

    /* U+91CE "野" */
    0x7f, 0xfe, 0x92, 0x19, 0x24, 0x33, 0xfb, 0xc4,
    0x91, 0x89, 0x21, 0x9f, 0xff, 0x84, 0xb, 0x8,
    0x16, 0xfe, 0x28, 0x20, 0x40, 0x40, 0x87, 0xf1,
    0x8, 0xe, 0x0,

    /* U+91CF "量" */
    0x3f, 0xf0, 0x80, 0x43, 0xff, 0xf, 0xfc, 0x0,
    0x3, 0xff, 0xf0, 0x0, 0xf, 0xfc, 0x3f, 0xf0,
    0x8c, 0x41, 0xfe, 0x1f, 0xfe, 0x3, 0x3, 0xff,
    0xf0,

    /* U+94B1 "钱" */
    0x20, 0x50, 0xf8, 0x93, 0x3, 0xf4, 0xf, 0x87,
    0xc4, 0x6, 0xb, 0x8c, 0x3f, 0x19, 0xf0, 0xfc,
    0x64, 0x60, 0x58, 0xc0, 0xe1, 0xe3, 0xa3, 0x9f,
    0x64, 0x63, 0x80,

    /* U+957F "长" */
    0x10, 0x10, 0x40, 0xc1, 0xe, 0x4, 0x70, 0x13,
    0x0, 0x40, 0xf, 0xff, 0xc4, 0x40, 0x11, 0x80,
    0x43, 0x1, 0x6, 0x4, 0xcc, 0x3f, 0x1c, 0x40,
    0x0,

    /* U+95E8 "门" */
    0x0, 0x1, 0x9f, 0xf3, 0x0, 0xc4, 0x3, 0xc0,
    0xf, 0x0, 0x3c, 0x0, 0xf0, 0x3, 0xc0, 0xf,
    0x0, 0x3c, 0x0, 0xf0, 0x3, 0xc0, 0xf, 0x0,
    0x3c, 0x7, 0xc0,

    /* U+95EE "问" */
    0x0, 0x6, 0x3f, 0xdc, 0x2, 0x40, 0x18, 0x0,
    0xc0, 0x6, 0x3e, 0x31, 0x11, 0x88, 0x8c, 0x44,
    0x63, 0xe3, 0x10, 0x18, 0x80, 0xc0, 0x6, 0x1,
    0xe0,

    /* U+961F "队" */
    0xf8, 0xc2, 0x63, 0x9, 0x8c, 0x24, 0x30, 0xb0,
    0xc2, 0x63, 0x8, 0x8c, 0x22, 0x38, 0x89, 0xe2,
    0xe6, 0xc8, 0x33, 0x20, 0xc6, 0x86, 0x1e, 0x30,
    0x30,

    /* U+9633 "阳" */
    0xfb, 0xfc, 0xd0, 0xe4, 0x87, 0x64, 0x3b, 0x21,
    0xd9, 0xe, 0x6f, 0xf1, 0x43, 0x8a, 0x1f, 0xd0,
    0xe0, 0x87, 0x4, 0x38, 0x3f, 0xc1, 0xc,

    /* U+9635 "阵" */
    0x0, 0x87, 0x84, 0x24, 0x61, 0x7f, 0xfa, 0x10,
    0x51, 0xa2, 0x99, 0x12, 0xff, 0x90, 0x44, 0x82,
    0x3c, 0x11, 0x9f, 0xf8, 0x4, 0x40, 0x22, 0x1,
    0x0,

    /* U+9636 "阶" */
    0x0, 0xc7, 0xc6, 0x26, 0x71, 0x22, 0xcb, 0x33,
    0x5b, 0xe, 0xd0, 0x33, 0x64, 0x8b, 0x24, 0x59,
    0x2c, 0xc9, 0x6, 0x48, 0x22, 0x43, 0x12, 0x10,
    0x80,

    /* U+9645 "际" */
    0xf8, 0x2, 0x6f, 0xe9, 0x80, 0x26, 0x0, 0xb0,
    0x2, 0xdf, 0xf9, 0x8c, 0x22, 0xb0, 0x8a, 0xdb,
    0xcb, 0x68, 0x4c, 0xa1, 0x33, 0x84, 0xce, 0x7,
    0x0,

    /* U+96BE "难" */
    0x0, 0xa0, 0x6, 0xcf, 0xdb, 0x2, 0x7f, 0x8b,
    0x23, 0x7c, 0x87, 0xdf, 0xcc, 0x48, 0x31, 0x20,
    0xe7, 0xf6, 0xd2, 0x32, 0x48, 0x81, 0xfc, 0x4,
    0x0,

    /* U+96D5 "雕" */
    0x0, 0x20, 0xfe, 0xd1, 0x5, 0xa2, 0x4b, 0xf5,
    0xdf, 0xe9, 0x39, 0x17, 0x72, 0x2e, 0xbf, 0x5d,
    0x48, 0xaa, 0x91, 0x55, 0xfa, 0xea, 0x45, 0x14,
    0x98, 0x2f, 0xc1, 0xd0, 0x0,

    /* U+96E8 "雨" */
    0xff, 0xfc, 0xc, 0x0, 0x30, 0x0, 0xc0, 0x7f,
    0xf9, 0xc, 0x25, 0x3c, 0x93, 0xde, 0x43, 0x9,
    0x4f, 0x25, 0xb6, 0x92, 0xca, 0x43, 0x9, 0xc,
    0xe0,

    /* U+96EA "雪" */
    0x7f, 0xf8, 0x8, 0xf, 0xff, 0xe0, 0x83, 0xba,
    0xfc, 0x8, 0x3, 0xaf, 0x0, 0x0, 0x3f, 0xf0,
    0x0, 0x43, 0xff, 0x0, 0x4, 0x0, 0x11, 0xff,
    0xc0,

    /* U+9752 "青" */
    0x7f, 0xf8, 0xc, 0x0, 0x30, 0xf, 0xfe, 0x3,
    0x3, 0xff, 0xf0, 0x0, 0xf, 0xfc, 0x30, 0x30,
    0xff, 0xc3, 0x3, 0xf, 0xfc, 0x30, 0x30, 0xc3,
    0xc0,

    /* U+975E "非" */
    0x6, 0x60, 0x6, 0x60, 0x7e, 0x7e, 0x6, 0x60,
    0x6, 0x60, 0x6, 0x60, 0x7e, 0x7e, 0x6, 0x60,
    0x6, 0x60, 0xfe, 0x7f, 0x6, 0x60, 0x6, 0x60,
    0x6, 0x60, 0x6, 0x60,

    /* U+9762 "面" */
    0xff, 0xfc, 0xc, 0x0, 0x20, 0x0, 0x80, 0x7f,
    0xf9, 0x23, 0x24, 0x8c, 0x93, 0xf2, 0x48, 0xc9,
    0x3f, 0x24, 0x8c, 0x92, 0x32, 0x7f, 0xf9, 0x0,
    0x20,

    /* U+9769 "革" */
    0x18, 0x63, 0xff, 0xf1, 0x86, 0x7, 0xf8, 0x3,
    0x0, 0xff, 0xc2, 0x31, 0x8, 0xc4, 0x3f, 0xf0,
    0xc, 0x0, 0x30, 0x3f, 0xff, 0x3, 0x0, 0xc,
    0x0,

    /* U+97F3 "音" */
    0x0, 0x0, 0xc, 0x7, 0xff, 0x86, 0x18, 0x18,
    0x60, 0x21, 0x8f, 0xff, 0xc0, 0x0, 0x3f, 0xf0,
    0xc0, 0x43, 0x1, 0xf, 0xfc, 0x30, 0x10, 0xc0,
    0x43, 0xff, 0x0,

    /* U+9876 "顶" */
    0xfb, 0xff, 0xe1, 0x2, 0x4, 0x8, 0x7e, 0x21,
    0x8, 0x85, 0xa2, 0x16, 0x88, 0x5a, 0x21, 0x68,
    0x85, 0xa2, 0x4, 0x8, 0x3c, 0x21, 0x9b, 0x9c,
    0x30, 0x0, 0x0,

    /* U+9886 "领" */
    0x18, 0x0, 0x47, 0xf2, 0x82, 0x1b, 0x18, 0x47,
    0xff, 0x4e, 0x39, 0x9a, 0xc0, 0x6b, 0x7d, 0xac,
    0x36, 0xb0, 0x9a, 0xde, 0x18, 0x30, 0x58, 0x67,
    0x30, 0x10, 0x40,

    /* U+9898 "题" */
    0x7d, 0xfe, 0x88, 0x41, 0xf1, 0x82, 0x27, 0xe7,
    0xc8, 0x40, 0x14, 0xbf, 0xa9, 0x8, 0x52, 0x50,
    0xa4, 0xbc, 0xe1, 0x41, 0x63, 0x8c, 0x2f, 0x10,
    0x11, 0xff, 0xc0,

    /* U+98CE "风" */
    0x3f, 0xf8, 0x60, 0x10, 0xc0, 0xa1, 0xa3, 0x43,
    0x64, 0x86, 0x79, 0xc, 0x72, 0x18, 0xc4, 0x31,
    0xc8, 0x66, 0xd1, 0x99, 0xa3, 0x61, 0xd6, 0x2,
    0xb8, 0x0, 0xc0,

    /* U+98DE "飞" */
    0xff, 0xc0, 0x3, 0x30, 0xd, 0x80, 0x3c, 0x0,
    0xe0, 0x3, 0x80, 0xf, 0x80, 0x33, 0x0, 0xc0,
    0x1, 0x80, 0x6, 0x40, 0x19, 0x0, 0x34, 0x0,
    0x60,

    /* U+996D "饭" */
    0x0, 0x0, 0x40, 0x79, 0x8f, 0xc3, 0xd8, 0x4,
    0xb0, 0x1b, 0x7f, 0xa8, 0xf3, 0x11, 0xa6, 0x23,
    0x48, 0x46, 0xf0, 0xa8, 0xc1, 0xf1, 0x83, 0x6f,
    0x8d, 0xb9, 0xc1, 0x41, 0x0,

    /* U+9A6C "马" */
    0x7f, 0xe0, 0x1, 0xc, 0x8, 0x60, 0xc3, 0x6,
    0x18, 0x30, 0xc1, 0x87, 0xff, 0x0, 0x8, 0x0,
    0x7f, 0xf6, 0x0, 0x30, 0x1, 0x80, 0x78,

    /* U+9A8C "验" */
    0x0, 0x43, 0xe1, 0x0, 0x8e, 0x2, 0x6c, 0x49,
    0x19, 0x68, 0x75, 0xdf, 0x76, 0x0, 0xfe, 0x4c,
    0x3d, 0x21, 0xd7, 0xbe, 0x44, 0x8, 0x10, 0x2f,
    0xf3, 0x80, 0x0,

    /* U+9AD8 "高" */
    0x0, 0x0, 0xc, 0xf, 0xff, 0xc0, 0x0, 0x3f,
    0xf0, 0xc0, 0xc3, 0xff, 0x0, 0x0, 0x7f, 0xfd,
    0x0, 0x34, 0xfc, 0xd2, 0x13, 0x48, 0x4d, 0x3f,
    0x34, 0x3, 0x80,

    /* U+9EC4 "黄" */
    0x8, 0x41, 0xff, 0xe0, 0x84, 0x2, 0x10, 0xff,
    0xfc, 0xc, 0x3, 0xff, 0x8, 0xc4, 0x3f, 0xf0,
    0x8c, 0x43, 0xff, 0x2, 0x10, 0x78, 0x79, 0x80,
    0x20,

    /* U+9ED1 "黑" */
    0x3f, 0xf0, 0xad, 0x42, 0xb5, 0xa, 0xd4, 0x2b,
    0x10, 0xff, 0xc0, 0x30, 0x1f, 0xfe, 0x3, 0x3,
    0xff, 0xf0, 0x0, 0x1b, 0x26, 0xc4, 0xcd, 0x2,
    0x0
};


/*---------------------
 *  GLYPH DESCRIPTION
 *--------------------*/

static const lv_font_fmt_txt_glyph_dsc_t glyph_dsc[] = {
    {.bitmap_index = 0, .adv_w = 0, .box_w = 0, .box_h = 0, .ofs_x = 0, .ofs_y = 0} /* id = 0 reserved */,
    {.bitmap_index = 0, .adv_w = 58, .box_w = 1, .box_h = 1, .ofs_x = 0, .ofs_y = 0},
    {.bitmap_index = 1, .adv_w = 88, .box_w = 2, .box_h = 12, .ofs_x = 2, .ofs_y = 0},
    {.bitmap_index = 4, .adv_w = 133, .box_w = 5, .box_h = 5, .ofs_x = 1, .ofs_y = 8},
    {.bitmap_index = 8, .adv_w = 146, .box_w = 8, .box_h = 12, .ofs_x = 1, .ofs_y = 0},
    {.bitmap_index = 20, .adv_w = 146, .box_w = 7, .box_h = 15, .ofs_x = 1, .ofs_y = -2},
    {.bitmap_index = 34, .adv_w = 240, .box_w = 14, .box_h = 12, .ofs_x = 1, .ofs_y = 0},
    {.bitmap_index = 55, .adv_w = 181, .box_w = 11, .box_h = 12, .ofs_x = 1, .ofs_y = 0},
    {.bitmap_index = 72, .adv_w = 76, .box_w = 2, .box_h = 5, .ofs_x = 1, .ofs_y = 8},
    {.bitmap_index = 74, .adv_w = 91, .box_w = 4, .box_h = 16, .ofs_x = 1, .ofs_y = -3},
    {.bitmap_index = 82, .adv_w = 91, .box_w = 4, .box_h = 16, .ofs_x = 1, .ofs_y = -3},
    {.bitmap_index = 90, .adv_w = 124, .box_w = 6, .box_h = 6, .ofs_x = 1, .ofs_y = 7},
    {.bitmap_index = 95, .adv_w = 146, .box_w = 8, .box_h = 8, .ofs_x = 1, .ofs_y = 2},
    {.bitmap_index = 103, .adv_w = 76, .box_w = 4, .box_h = 4, .ofs_x = 1, .ofs_y = -3},
    {.bitmap_index = 105, .adv_w = 91, .box_w = 4, .box_h = 1, .ofs_x = 1, .ofs_y = 4},
    {.bitmap_index = 106, .adv_w = 76, .box_w = 2, .box_h = 1, .ofs_x = 1, .ofs_y = 0},
    {.bitmap_index = 107, .adv_w = 100, .box_w = 6, .box_h = 16, .ofs_x = 0, .ofs_y = -3},
    {.bitmap_index = 119, .adv_w = 146, .box_w = 8, .box_h = 12, .ofs_x = 1, .ofs_y = 0},
    {.bitmap_index = 131, .adv_w = 146, .box_w = 7, .box_h = 12, .ofs_x = 1, .ofs_y = 0},
    {.bitmap_index = 142, .adv_w = 146, .box_w = 8, .box_h = 12, .ofs_x = 1, .ofs_y = 0},
    {.bitmap_index = 154, .adv_w = 146, .box_w = 7, .box_h = 12, .ofs_x = 1, .ofs_y = 0},
    {.bitmap_index = 165, .adv_w = 146, .box_w = 8, .box_h = 12, .ofs_x = 1, .ofs_y = 0},
    {.bitmap_index = 177, .adv_w = 146, .box_w = 8, .box_h = 12, .ofs_x = 1, .ofs_y = 0},
    {.bitmap_index = 189, .adv_w = 146, .box_w = 8, .box_h = 12, .ofs_x = 1, .ofs_y = 0},
    {.bitmap_index = 201, .adv_w = 146, .box_w = 8, .box_h = 12, .ofs_x = 1, .ofs_y = 0},
    {.bitmap_index = 213, .adv_w = 146, .box_w = 7, .box_h = 12, .ofs_x = 1, .ofs_y = 0},
    {.bitmap_index = 224, .adv_w = 146, .box_w = 8, .box_h = 12, .ofs_x = 1, .ofs_y = 0},
    {.bitmap_index = 236, .adv_w = 76, .box_w = 2, .box_h = 9, .ofs_x = 1, .ofs_y = 0},
    {.bitmap_index = 239, .adv_w = 76, .box_w = 3, .box_h = 12, .ofs_x = 1, .ofs_y = -3},
    {.bitmap_index = 244, .adv_w = 146, .box_w = 8, .box_h = 8, .ofs_x = 1, .ofs_y = 2},
    {.bitmap_index = 252, .adv_w = 146, .box_w = 8, .box_h = 5, .ofs_x = 1, .ofs_y = 4},
    {.bitmap_index = 257, .adv_w = 146, .box_w = 8, .box_h = 8, .ofs_x = 1, .ofs_y = 2},
    {.bitmap_index = 265, .adv_w = 126, .box_w = 7, .box_h = 12, .ofs_x = 0, .ofs_y = 0},
    {.bitmap_index = 276, .adv_w = 249, .box_w = 14, .box_h = 14, .ofs_x = 1, .ofs_y = -2},
    {.bitmap_index = 301, .adv_w = 159, .box_w = 10, .box_h = 12, .ofs_x = 0, .ofs_y = 0},
    {.bitmap_index = 316, .adv_w = 171, .box_w = 9, .box_h = 12, .ofs_x = 2, .ofs_y = 0},
    {.bitmap_index = 330, .adv_w = 165, .box_w = 9, .box_h = 12, .ofs_x = 1, .ofs_y = 0},
    {.bitmap_index = 344, .adv_w = 179, .box_w = 9, .box_h = 12, .ofs_x = 2, .ofs_y = 0},
    {.bitmap_index = 358, .adv_w = 154, .box_w = 7, .box_h = 12, .ofs_x = 2, .ofs_y = 0},
    {.bitmap_index = 369, .adv_w = 145, .box_w = 7, .box_h = 12, .ofs_x = 2, .ofs_y = 0},
    {.bitmap_index = 380, .adv_w = 179, .box_w = 9, .box_h = 12, .ofs_x = 1, .ofs_y = 0},
    {.bitmap_index = 394, .adv_w = 189, .box_w = 9, .box_h = 12, .ofs_x = 2, .ofs_y = 0},
    {.bitmap_index = 408, .adv_w = 79, .box_w = 2, .box_h = 12, .ofs_x = 2, .ofs_y = 0},
    {.bitmap_index = 411, .adv_w = 141, .box_w = 7, .box_h = 12, .ofs_x = 0, .ofs_y = 0},
    {.bitmap_index = 422, .adv_w = 170, .box_w = 9, .box_h = 12, .ofs_x = 2, .ofs_y = 0},
    {.bitmap_index = 436, .adv_w = 143, .box_w = 7, .box_h = 12, .ofs_x = 2, .ofs_y = 0},
    {.bitmap_index = 447, .adv_w = 212, .box_w = 10, .box_h = 12, .ofs_x = 2, .ofs_y = 0},
    {.bitmap_index = 462, .adv_w = 188, .box_w = 9, .box_h = 12, .ofs_x = 2, .ofs_y = 0},
    {.bitmap_index = 476, .adv_w = 193, .box_w = 10, .box_h = 12, .ofs_x = 1, .ofs_y = 0},
    {.bitmap_index = 491, .adv_w = 166, .box_w = 8, .box_h = 12, .ofs_x = 2, .ofs_y = 0},
    {.bitmap_index = 503, .adv_w = 193, .box_w = 10, .box_h = 14, .ofs_x = 1, .ofs_y = -2},
    {.bitmap_index = 521, .adv_w = 168, .box_w = 8, .box_h = 12, .ofs_x = 2, .ofs_y = 0},
    {.bitmap_index = 533, .adv_w = 156, .box_w = 9, .box_h = 12, .ofs_x = 0, .ofs_y = 0},
    {.bitmap_index = 547, .adv_w = 156, .box_w = 9, .box_h = 12, .ofs_x = 1, .ofs_y = 0},
    {.bitmap_index = 561, .adv_w = 188, .box_w = 9, .box_h = 12, .ofs_x = 1, .ofs_y = 0},
    {.bitmap_index = 575, .adv_w = 152, .box_w = 10, .box_h = 12, .ofs_x = 0, .ofs_y = 0},
    {.bitmap_index = 590, .adv_w = 229, .box_w = 14, .box_h = 12, .ofs_x = 0, .ofs_y = 0},
    {.bitmap_index = 611, .adv_w = 153, .box_w = 9, .box_h = 12, .ofs_x = 0, .ofs_y = 0},
    {.bitmap_index = 625, .adv_w = 142, .box_w = 10, .box_h = 12, .ofs_x = -1, .ofs_y = 0},
    {.bitmap_index = 640, .adv_w = 155, .box_w = 8, .box_h = 12, .ofs_x = 1, .ofs_y = 0},
    {.bitmap_index = 652, .adv_w = 91, .box_w = 4, .box_h = 15, .ofs_x = 2, .ofs_y = -2},
    {.bitmap_index = 660, .adv_w = 100, .box_w = 6, .box_h = 16, .ofs_x = 0, .ofs_y = -3},
    {.bitmap_index = 672, .adv_w = 91, .box_w = 4, .box_h = 15, .ofs_x = 1, .ofs_y = -2},
    {.bitmap_index = 680, .adv_w = 146, .box_w = 7, .box_h = 7, .ofs_x = 1, .ofs_y = 5},
    {.bitmap_index = 687, .adv_w = 144, .box_w = 9, .box_h = 1, .ofs_x = 1, .ofs_y = -2},
    {.bitmap_index = 689, .adv_w = 157, .box_w = 4, .box_h = 4, .ofs_x = 2, .ofs_y = 10},
    {.bitmap_index = 691, .adv_w = 147, .box_w = 7, .box_h = 9, .ofs_x = 1, .ofs_y = 0},
    {.bitmap_index = 699, .adv_w = 161, .box_w = 8, .box_h = 13, .ofs_x = 1, .ofs_y = 0},
    {.bitmap_index = 712, .adv_w = 132, .box_w = 7, .box_h = 9, .ofs_x = 1, .ofs_y = 0},
    {.bitmap_index = 720, .adv_w = 161, .box_w = 8, .box_h = 13, .ofs_x = 1, .ofs_y = 0},
    {.bitmap_index = 733, .adv_w = 145, .box_w = 8, .box_h = 9, .ofs_x = 1, .ofs_y = 0},
    {.bitmap_index = 742, .adv_w = 88, .box_w = 6, .box_h = 13, .ofs_x = 1, .ofs_y = 0},
    {.bitmap_index = 752, .adv_w = 148, .box_w = 8, .box_h = 13, .ofs_x = 1, .ofs_y = -4},
    {.bitmap_index = 765, .adv_w = 159, .box_w = 7, .box_h = 13, .ofs_x = 1, .ofs_y = 0},
    {.bitmap_index = 777, .adv_w = 73, .box_w = 2, .box_h = 13, .ofs_x = 1, .ofs_y = 0},
    {.bitmap_index = 781, .adv_w = 74, .box_w = 4, .box_h = 17, .ofs_x = -1, .ofs_y = -4},
    {.bitmap_index = 790, .adv_w = 147, .box_w = 8, .box_h = 13, .ofs_x = 1, .ofs_y = 0},
    {.bitmap_index = 803, .adv_w = 76, .box_w = 3, .box_h = 13, .ofs_x = 1, .ofs_y = 0},
    {.bitmap_index = 808, .adv_w = 241, .box_w = 12, .box_h = 9, .ofs_x = 1, .ofs_y = 0},
    {.bitmap_index = 822, .adv_w = 160, .box_w = 7, .box_h = 9, .ofs_x = 1, .ofs_y = 0},
    {.bitmap_index = 830, .adv_w = 157, .box_w = 8, .box_h = 9, .ofs_x = 1, .ofs_y = 0},
    {.bitmap_index = 839, .adv_w = 161, .box_w = 8, .box_h = 13, .ofs_x = 1, .ofs_y = -4},
    {.bitmap_index = 852, .adv_w = 161, .box_w = 8, .box_h = 13, .ofs_x = 1, .ofs_y = -4},
    {.bitmap_index = 865, .adv_w = 105, .box_w = 5, .box_h = 9, .ofs_x = 1, .ofs_y = 0},
    {.bitmap_index = 871, .adv_w = 123, .box_w = 6, .box_h = 9, .ofs_x = 1, .ofs_y = 0},
    {.bitmap_index = 878, .adv_w = 101, .box_w = 5, .box_h = 12, .ofs_x = 1, .ofs_y = 0},
    {.bitmap_index = 886, .adv_w = 159, .box_w = 7, .box_h = 9, .ofs_x = 1, .ofs_y = 0},
    {.bitmap_index = 894, .adv_w = 140, .box_w = 9, .box_h = 9, .ofs_x = 0, .ofs_y = 0},
    {.bitmap_index = 905, .adv_w = 212, .box_w = 13, .box_h = 9, .ofs_x = 0, .ofs_y = 0},
    {.bitmap_index = 920, .adv_w = 135, .box_w = 8, .box_h = 9, .ofs_x = 0, .ofs_y = 0},
    {.bitmap_index = 929, .adv_w = 139, .box_w = 9, .box_h = 13, .ofs_x = 0, .ofs_y = -4},
    {.bitmap_index = 944, .adv_w = 125, .box_w = 7, .box_h = 9, .ofs_x = 1, .ofs_y = 0},
    {.bitmap_index = 952, .adv_w = 91, .box_w = 5, .box_h = 15, .ofs_x = 0, .ofs_y = -2},
    {.bitmap_index = 962, .adv_w = 72, .box_w = 1, .box_h = 18, .ofs_x = 2, .ofs_y = -4},
    {.bitmap_index = 965, .adv_w = 91, .box_w = 5, .box_h = 15, .ofs_x = 0, .ofs_y = -2},
    {.bitmap_index = 975, .adv_w = 146, .box_w = 8, .box_h = 3, .ofs_x = 1, .ofs_y = 5},
    {.bitmap_index = 978, .adv_w = 256, .box_w = 15, .box_h = 1, .ofs_x = 1, .ofs_y = 6},
    {.bitmap_index = 980, .adv_w = 256, .box_w = 15, .box_h = 13, .ofs_x = 0, .ofs_y = 0},
    {.bitmap_index = 1005, .adv_w = 256, .box_w = 15, .box_h = 13, .ofs_x = 0, .ofs_y = -1},
    {.bitmap_index = 1030, .adv_w = 256, .box_w = 14, .box_h = 12, .ofs_x = 1, .ofs_y = 0},
    {.bitmap_index = 1051, .adv_w = 256, .box_w = 14, .box_h = 13, .ofs_x = 1, .ofs_y = 0},
    {.bitmap_index = 1074, .adv_w = 256, .box_w = 14, .box_h = 13, .ofs_x = 1, .ofs_y = -1},
    {.bitmap_index = 1097, .adv_w = 256, .box_w = 15, .box_h = 13, .ofs_x = 1, .ofs_y = -1},
    {.bitmap_index = 1122, .adv_w = 256, .box_w = 14, .box_h = 13, .ofs_x = 1, .ofs_y = 0},
    {.bitmap_index = 1145, .adv_w = 256, .box_w = 14, .box_h = 13, .ofs_x = 1, .ofs_y = 0},
    {.bitmap_index = 1168, .adv_w = 256, .box_w = 14, .box_h = 13, .ofs_x = 1, .ofs_y = 0},
    {.bitmap_index = 1191, .adv_w = 256, .box_w = 13, .box_h = 14, .ofs_x = 1, .ofs_y = -1},
    {.bitmap_index = 1214, .adv_w = 256, .box_w = 14, .box_h = 13, .ofs_x = 1, .ofs_y = -1},
    {.bitmap_index = 1237, .adv_w = 256, .box_w = 16, .box_h = 15, .ofs_x = 0, .ofs_y = -1},
    {.bitmap_index = 1267, .adv_w = 256, .box_w = 14, .box_h = 14, .ofs_x = 1, .ofs_y = -1},
    {.bitmap_index = 1292, .adv_w = 256, .box_w = 14, .box_h = 14, .ofs_x = 0, .ofs_y = -1},
    {.bitmap_index = 1317, .adv_w = 256, .box_w = 14, .box_h = 13, .ofs_x = 1, .ofs_y = 0},
    {.bitmap_index = 1340, .adv_w = 256, .box_w = 14, .box_h = 14, .ofs_x = 1, .ofs_y = -1},
    {.bitmap_index = 1365, .adv_w = 256, .box_w = 14, .box_h = 14, .ofs_x = 1, .ofs_y = -1},
    {.bitmap_index = 1390, .adv_w = 256, .box_w = 14, .box_h = 14, .ofs_x = 1, .ofs_y = -1},
    {.bitmap_index = 1415, .adv_w = 256, .box_w = 15, .box_h = 14, .ofs_x = 0, .ofs_y = -1},
    {.bitmap_index = 1442, .adv_w = 256, .box_w = 14, .box_h = 14, .ofs_x = 1, .ofs_y = -1},
    {.bitmap_index = 1467, .adv_w = 256, .box_w = 13, .box_h = 13, .ofs_x = 1, .ofs_y = -1},
    {.bitmap_index = 1489, .adv_w = 256, .box_w = 13, .box_h = 14, .ofs_x = 1, .ofs_y = -1},
    {.bitmap_index = 1512, .adv_w = 256, .box_w = 14, .box_h = 14, .ofs_x = 1, .ofs_y = -1},
    {.bitmap_index = 1537, .adv_w = 256, .box_w = 14, .box_h = 13, .ofs_x = 1, .ofs_y = -1},
    {.bitmap_index = 1560, .adv_w = 256, .box_w = 15, .box_h = 14, .ofs_x = 1, .ofs_y = -1},
    {.bitmap_index = 1587, .adv_w = 256, .box_w = 14, .box_h = 14, .ofs_x = 1, .ofs_y = -1},
    {.bitmap_index = 1612, .adv_w = 256, .box_w = 14, .box_h = 10, .ofs_x = 1, .ofs_y = 1},
    {.bitmap_index = 1630, .adv_w = 256, .box_w = 14, .box_h = 13, .ofs_x = 1, .ofs_y = -1},
    {.bitmap_index = 1653, .adv_w = 256, .box_w = 14, .box_h = 12, .ofs_x = 1, .ofs_y = 0},
    {.bitmap_index = 1674, .adv_w = 256, .box_w = 14, .box_h = 14, .ofs_x = 1, .ofs_y = -1},
    {.bitmap_index = 1699, .adv_w = 256, .box_w = 14, .box_h = 14, .ofs_x = 1, .ofs_y = -1},
    {.bitmap_index = 1724, .adv_w = 256, .box_w = 14, .box_h = 15, .ofs_x = 1, .ofs_y = -1},
    {.bitmap_index = 1751, .adv_w = 256, .box_w = 14, .box_h = 14, .ofs_x = 1, .ofs_y = -1},
    {.bitmap_index = 1776, .adv_w = 256, .box_w = 15, .box_h = 15, .ofs_x = 1, .ofs_y = -2},
    {.bitmap_index = 1805, .adv_w = 256, .box_w = 14, .box_h = 14, .ofs_x = 1, .ofs_y = -1},
    {.bitmap_index = 1830, .adv_w = 256, .box_w = 14, .box_h = 15, .ofs_x = 1, .ofs_y = -2},
    {.bitmap_index = 1857, .adv_w = 256, .box_w = 15, .box_h = 14, .ofs_x = 1, .ofs_y = -1},
    {.bitmap_index = 1884, .adv_w = 256, .box_w = 15, .box_h = 14, .ofs_x = 1, .ofs_y = -1},
    {.bitmap_index = 1911, .adv_w = 256, .box_w = 16, .box_h = 14, .ofs_x = 0, .ofs_y = -1},
    {.bitmap_index = 1939, .adv_w = 256, .box_w = 15, .box_h = 14, .ofs_x = 1, .ofs_y = -1},
    {.bitmap_index = 1966, .adv_w = 256, .box_w = 14, .box_h = 14, .ofs_x = 1, .ofs_y = -1},
    {.bitmap_index = 1991, .adv_w = 256, .box_w = 14, .box_h = 15, .ofs_x = 0, .ofs_y = -1},
    {.bitmap_index = 2018, .adv_w = 256, .box_w = 14, .box_h = 14, .ofs_x = 1, .ofs_y = -1},
    {.bitmap_index = 2043, .adv_w = 256, .box_w = 15, .box_h = 15, .ofs_x = 0, .ofs_y = -1},
    {.bitmap_index = 2072, .adv_w = 256, .box_w = 14, .box_h = 15, .ofs_x = 1, .ofs_y = -1},
    {.bitmap_index = 2099, .adv_w = 256, .box_w = 15, .box_h = 14, .ofs_x = 1, .ofs_y = -1},
    {.bitmap_index = 2126, .adv_w = 256, .box_w = 14, .box_h = 14, .ofs_x = 1, .ofs_y = -1},
    {.bitmap_index = 2151, .adv_w = 256, .box_w = 15, .box_h = 14, .ofs_x = 1, .ofs_y = -1},
    {.bitmap_index = 2178, .adv_w = 256, .box_w = 15, .box_h = 14, .ofs_x = 1, .ofs_y = -1},
    {.bitmap_index = 2205, .adv_w = 256, .box_w = 14, .box_h = 14, .ofs_x = 1, .ofs_y = -1},
    {.bitmap_index = 2230, .adv_w = 256, .box_w = 15, .box_h = 14, .ofs_x = 1, .ofs_y = -1},
    {.bitmap_index = 2257, .adv_w = 256, .box_w = 15, .box_h = 14, .ofs_x = 0, .ofs_y = -1},
    {.bitmap_index = 2284, .adv_w = 256, .box_w = 15, .box_h = 14, .ofs_x = 1, .ofs_y = -1},
    {.bitmap_index = 2311, .adv_w = 256, .box_w = 15, .box_h = 14, .ofs_x = 1, .ofs_y = -1},
    {.bitmap_index = 2338, .adv_w = 256, .box_w = 14, .box_h = 14, .ofs_x = 1, .ofs_y = -1},
    {.bitmap_index = 2363, .adv_w = 256, .box_w = 15, .box_h = 15, .ofs_x = 0, .ofs_y = -1},
    {.bitmap_index = 2392, .adv_w = 256, .box_w = 14, .box_h = 14, .ofs_x = 1, .ofs_y = -1},
    {.bitmap_index = 2417, .adv_w = 256, .box_w = 14, .box_h = 14, .ofs_x = 1, .ofs_y = -1},
    {.bitmap_index = 2442, .adv_w = 256, .box_w = 15, .box_h = 15, .ofs_x = 1, .ofs_y = -1},
    {.bitmap_index = 2471, .adv_w = 256, .box_w = 14, .box_h = 15, .ofs_x = 1, .ofs_y = -1},
    {.bitmap_index = 2498, .adv_w = 256, .box_w = 14, .box_h = 14, .ofs_x = 0, .ofs_y = -1},
    {.bitmap_index = 2523, .adv_w = 256, .box_w = 15, .box_h = 15, .ofs_x = 0, .ofs_y = -1},
    {.bitmap_index = 2552, .adv_w = 256, .box_w = 14, .box_h = 14, .ofs_x = 1, .ofs_y = -1},
    {.bitmap_index = 2577, .adv_w = 256, .box_w = 15, .box_h = 14, .ofs_x = 1, .ofs_y = -1},
    {.bitmap_index = 2604, .adv_w = 256, .box_w = 15, .box_h = 14, .ofs_x = 1, .ofs_y = -1},
    {.bitmap_index = 2631, .adv_w = 256, .box_w = 15, .box_h = 14, .ofs_x = 0, .ofs_y = -1},
    {.bitmap_index = 2658, .adv_w = 256, .box_w = 14, .box_h = 14, .ofs_x = 1, .ofs_y = -1},
    {.bitmap_index = 2683, .adv_w = 256, .box_w = 14, .box_h = 14, .ofs_x = 1, .ofs_y = -1},
    {.bitmap_index = 2708, .adv_w = 256, .box_w = 14, .box_h = 14, .ofs_x = 1, .ofs_y = -1},
    {.bitmap_index = 2733, .adv_w = 256, .box_w = 16, .box_h = 14, .ofs_x = 0, .ofs_y = -1},
    {.bitmap_index = 2761, .adv_w = 256, .box_w = 15, .box_h = 13, .ofs_x = 1, .ofs_y = -1},
    {.bitmap_index = 2786, .adv_w = 256, .box_w = 14, .box_h = 14, .ofs_x = 1, .ofs_y = -1},
    {.bitmap_index = 2811, .adv_w = 256, .box_w = 14, .box_h = 14, .ofs_x = 1, .ofs_y = -1},
    {.bitmap_index = 2836, .adv_w = 256, .box_w = 14, .box_h = 14, .ofs_x = 1, .ofs_y = -1},
    {.bitmap_index = 2861, .adv_w = 256, .box_w = 14, .box_h = 14, .ofs_x = 1, .ofs_y = -1},
    {.bitmap_index = 2886, .adv_w = 256, .box_w = 14, .box_h = 14, .ofs_x = 1, .ofs_y = -1},
    {.bitmap_index = 2911, .adv_w = 256, .box_w = 14, .box_h = 14, .ofs_x = 1, .ofs_y = -1},
    {.bitmap_index = 2936, .adv_w = 256, .box_w = 13, .box_h = 14, .ofs_x = 1, .ofs_y = -1},
    {.bitmap_index = 2959, .adv_w = 256, .box_w = 15, .box_h = 14, .ofs_x = 1, .ofs_y = -1},
    {.bitmap_index = 2986, .adv_w = 256, .box_w = 13, .box_h = 14, .ofs_x = 1, .ofs_y = -1},
    {.bitmap_index = 3009, .adv_w = 256, .box_w = 13, .box_h = 14, .ofs_x = 1, .ofs_y = -1},
    {.bitmap_index = 3032, .adv_w = 256, .box_w = 15, .box_h = 14, .ofs_x = 1, .ofs_y = -1},
    {.bitmap_index = 3059, .adv_w = 256, .box_w = 15, .box_h = 14, .ofs_x = 1, .ofs_y = -1},
    {.bitmap_index = 3086, .adv_w = 256, .box_w = 14, .box_h = 14, .ofs_x = 1, .ofs_y = -1},
    {.bitmap_index = 3111, .adv_w = 256, .box_w = 14, .box_h = 14, .ofs_x = 1, .ofs_y = -1},
    {.bitmap_index = 3136, .adv_w = 256, .box_w = 14, .box_h = 14, .ofs_x = 1, .ofs_y = -1},
    {.bitmap_index = 3161, .adv_w = 256, .box_w = 13, .box_h = 14, .ofs_x = 1, .ofs_y = -1},
    {.bitmap_index = 3184, .adv_w = 256, .box_w = 15, .box_h = 14, .ofs_x = 0, .ofs_y = -1},
    {.bitmap_index = 3211, .adv_w = 256, .box_w = 14, .box_h = 14, .ofs_x = 1, .ofs_y = -1},
    {.bitmap_index = 3236, .adv_w = 256, .box_w = 13, .box_h = 14, .ofs_x = 2, .ofs_y = -1},
    {.bitmap_index = 3259, .adv_w = 256, .box_w = 14, .box_h = 14, .ofs_x = 1, .ofs_y = -1},
    {.bitmap_index = 3284, .adv_w = 256, .box_w = 14, .box_h = 14, .ofs_x = 1, .ofs_y = -1},
    {.bitmap_index = 3309, .adv_w = 256, .box_w = 13, .box_h = 14, .ofs_x = 1, .ofs_y = -1},
    {.bitmap_index = 3332, .adv_w = 256, .box_w = 14, .box_h = 14, .ofs_x = 1, .ofs_y = -1},
    {.bitmap_index = 3357, .adv_w = 256, .box_w = 14, .box_h = 15, .ofs_x = 1, .ofs_y = -1},
    {.bitmap_index = 3384, .adv_w = 256, .box_w = 14, .box_h = 14, .ofs_x = 0, .ofs_y = -1},
    {.bitmap_index = 3409, .adv_w = 256, .box_w = 15, .box_h = 14, .ofs_x = 0, .ofs_y = -1},
    {.bitmap_index = 3436, .adv_w = 256, .box_w = 14, .box_h = 14, .ofs_x = 1, .ofs_y = -1},
    {.bitmap_index = 3461, .adv_w = 256, .box_w = 15, .box_h = 14, .ofs_x = 0, .ofs_y = -1},
    {.bitmap_index = 3488, .adv_w = 256, .box_w = 14, .box_h = 14, .ofs_x = 1, .ofs_y = -1},
    {.bitmap_index = 3513, .adv_w = 256, .box_w = 14, .box_h = 14, .ofs_x = 1, .ofs_y = -1},
    {.bitmap_index = 3538, .adv_w = 256, .box_w = 14, .box_h = 14, .ofs_x = 0, .ofs_y = -1},
    {.bitmap_index = 3563, .adv_w = 256, .box_w = 15, .box_h = 14, .ofs_x = 0, .ofs_y = -1},
    {.bitmap_index = 3590, .adv_w = 256, .box_w = 15, .box_h = 14, .ofs_x = 1, .ofs_y = -1},
    {.bitmap_index = 3617, .adv_w = 256, .box_w = 13, .box_h = 14, .ofs_x = 2, .ofs_y = -1},
    {.bitmap_index = 3640, .adv_w = 256, .box_w = 14, .box_h = 14, .ofs_x = 1, .ofs_y = -1},
    {.bitmap_index = 3665, .adv_w = 256, .box_w = 14, .box_h = 14, .ofs_x = 1, .ofs_y = -1},
    {.bitmap_index = 3690, .adv_w = 256, .box_w = 14, .box_h = 14, .ofs_x = 1, .ofs_y = -1},
    {.bitmap_index = 3715, .adv_w = 256, .box_w = 14, .box_h = 14, .ofs_x = 1, .ofs_y = -1},
    {.bitmap_index = 3740, .adv_w = 256, .box_w = 13, .box_h = 14, .ofs_x = 1, .ofs_y = -1},
    {.bitmap_index = 3763, .adv_w = 256, .box_w = 15, .box_h = 14, .ofs_x = 0, .ofs_y = -1},
    {.bitmap_index = 3790, .adv_w = 256, .box_w = 14, .box_h = 14, .ofs_x = 1, .ofs_y = -1},
    {.bitmap_index = 3815, .adv_w = 256, .box_w = 14, .box_h = 14, .ofs_x = 1, .ofs_y = -1},
    {.bitmap_index = 3840, .adv_w = 256, .box_w = 14, .box_h = 14, .ofs_x = 1, .ofs_y = -1},
    {.bitmap_index = 3865, .adv_w = 256, .box_w = 14, .box_h = 13, .ofs_x = 1, .ofs_y = -1},
    {.bitmap_index = 3888, .adv_w = 256, .box_w = 15, .box_h = 14, .ofs_x = 0, .ofs_y = -1},
    {.bitmap_index = 3915, .adv_w = 256, .box_w = 15, .box_h = 15, .ofs_x = 0, .ofs_y = -2},
    {.bitmap_index = 3944, .adv_w = 256, .box_w = 15, .box_h = 15, .ofs_x = 0, .ofs_y = -1},
    {.bitmap_index = 3973, .adv_w = 256, .box_w = 15, .box_h = 14, .ofs_x = 1, .ofs_y = -1},
    {.bitmap_index = 4000, .adv_w = 256, .box_w = 14, .box_h = 14, .ofs_x = 1, .ofs_y = -1},
    {.bitmap_index = 4025, .adv_w = 256, .box_w = 13, .box_h = 15, .ofs_x = 1, .ofs_y = -1},
    {.bitmap_index = 4050, .adv_w = 256, .box_w = 14, .box_h = 15, .ofs_x = 1, .ofs_y = -1},
    {.bitmap_index = 4077, .adv_w = 256, .box_w = 13, .box_h = 13, .ofs_x = 2, .ofs_y = -1},
    {.bitmap_index = 4099, .adv_w = 256, .box_w = 14, .box_h = 14, .ofs_x = 1, .ofs_y = -1},
    {.bitmap_index = 4124, .adv_w = 256, .box_w = 14, .box_h = 14, .ofs_x = 1, .ofs_y = -1},
    {.bitmap_index = 4149, .adv_w = 256, .box_w = 15, .box_h = 13, .ofs_x = 0, .ofs_y = -1},
    {.bitmap_index = 4174, .adv_w = 256, .box_w = 13, .box_h = 14, .ofs_x = 2, .ofs_y = -1},
    {.bitmap_index = 4197, .adv_w = 256, .box_w = 14, .box_h = 13, .ofs_x = 1, .ofs_y = -1},
    {.bitmap_index = 4220, .adv_w = 256, .box_w = 14, .box_h = 14, .ofs_x = 1, .ofs_y = -1},
    {.bitmap_index = 4245, .adv_w = 256, .box_w = 13, .box_h = 14, .ofs_x = 1, .ofs_y = -1},
    {.bitmap_index = 4268, .adv_w = 256, .box_w = 14, .box_h = 14, .ofs_x = 1, .ofs_y = -1},
    {.bitmap_index = 4293, .adv_w = 256, .box_w = 16, .box_h = 15, .ofs_x = 0, .ofs_y = -1},
    {.bitmap_index = 4323, .adv_w = 256, .box_w = 14, .box_h = 14, .ofs_x = 1, .ofs_y = -1},
    {.bitmap_index = 4348, .adv_w = 256, .box_w = 13, .box_h = 14, .ofs_x = 2, .ofs_y = -1},
    {.bitmap_index = 4371, .adv_w = 256, .box_w = 13, .box_h = 15, .ofs_x = 1, .ofs_y = -1},
    {.bitmap_index = 4396, .adv_w = 256, .box_w = 15, .box_h = 14, .ofs_x = 0, .ofs_y = -1},
    {.bitmap_index = 4423, .adv_w = 256, .box_w = 12, .box_h = 14, .ofs_x = 2, .ofs_y = -1},
    {.bitmap_index = 4444, .adv_w = 256, .box_w = 13, .box_h = 14, .ofs_x = 1, .ofs_y = -1},
    {.bitmap_index = 4467, .adv_w = 256, .box_w = 14, .box_h = 14, .ofs_x = 1, .ofs_y = -1},
    {.bitmap_index = 4492, .adv_w = 256, .box_w = 14, .box_h = 14, .ofs_x = 1, .ofs_y = -1},
    {.bitmap_index = 4517, .adv_w = 256, .box_w = 14, .box_h = 14, .ofs_x = 0, .ofs_y = -1},
    {.bitmap_index = 4542, .adv_w = 256, .box_w = 14, .box_h = 14, .ofs_x = 1, .ofs_y = -1},
    {.bitmap_index = 4567, .adv_w = 256, .box_w = 14, .box_h = 14, .ofs_x = 1, .ofs_y = -1},
    {.bitmap_index = 4592, .adv_w = 256, .box_w = 14, .box_h = 14, .ofs_x = 1, .ofs_y = -1},
    {.bitmap_index = 4617, .adv_w = 256, .box_w = 14, .box_h = 14, .ofs_x = 1, .ofs_y = -1},
    {.bitmap_index = 4642, .adv_w = 256, .box_w = 14, .box_h = 14, .ofs_x = 1, .ofs_y = -1},
    {.bitmap_index = 4667, .adv_w = 256, .box_w = 14, .box_h = 15, .ofs_x = 1, .ofs_y = -1},
    {.bitmap_index = 4694, .adv_w = 256, .box_w = 14, .box_h = 14, .ofs_x = 1, .ofs_y = -1},
    {.bitmap_index = 4719, .adv_w = 256, .box_w = 13, .box_h = 14, .ofs_x = 1, .ofs_y = -1},
    {.bitmap_index = 4742, .adv_w = 256, .box_w = 13, .box_h = 15, .ofs_x = 1, .ofs_y = -1},
    {.bitmap_index = 4767, .adv_w = 256, .box_w = 14, .box_h = 14, .ofs_x = 1, .ofs_y = -1},
    {.bitmap_index = 4792, .adv_w = 256, .box_w = 14, .box_h = 14, .ofs_x = 1, .ofs_y = -1},
    {.bitmap_index = 4817, .adv_w = 256, .box_w = 14, .box_h = 14, .ofs_x = 1, .ofs_y = -1},
    {.bitmap_index = 4842, .adv_w = 256, .box_w = 14, .box_h = 14, .ofs_x = 1, .ofs_y = -1},
    {.bitmap_index = 4867, .adv_w = 256, .box_w = 14, .box_h = 14, .ofs_x = 1, .ofs_y = -1},
    {.bitmap_index = 4892, .adv_w = 256, .box_w = 14, .box_h = 14, .ofs_x = 1, .ofs_y = -1},
    {.bitmap_index = 4917, .adv_w = 256, .box_w = 13, .box_h = 12, .ofs_x = 2, .ofs_y = 0},
    {.bitmap_index = 4937, .adv_w = 256, .box_w = 14, .box_h = 14, .ofs_x = 1, .ofs_y = -1},
    {.bitmap_index = 4962, .adv_w = 256, .box_w = 13, .box_h = 14, .ofs_x = 2, .ofs_y = -1},
    {.bitmap_index = 4985, .adv_w = 256, .box_w = 14, .box_h = 14, .ofs_x = 1, .ofs_y = -1},
    {.bitmap_index = 5010, .adv_w = 256, .box_w = 13, .box_h = 14, .ofs_x = 2, .ofs_y = -1},
    {.bitmap_index = 5033, .adv_w = 256, .box_w = 14, .box_h = 14, .ofs_x = 1, .ofs_y = -1},
    {.bitmap_index = 5058, .adv_w = 256, .box_w = 14, .box_h = 13, .ofs_x = 1, .ofs_y = 0},
    {.bitmap_index = 5081, .adv_w = 256, .box_w = 14, .box_h = 14, .ofs_x = 1, .ofs_y = -1},
    {.bitmap_index = 5106, .adv_w = 256, .box_w = 15, .box_h = 14, .ofs_x = 1, .ofs_y = -1},
    {.bitmap_index = 5133, .adv_w = 256, .box_w = 14, .box_h = 14, .ofs_x = 1, .ofs_y = -1},
    {.bitmap_index = 5158, .adv_w = 256, .box_w = 14, .box_h = 13, .ofs_x = 1, .ofs_y = 0},
    {.bitmap_index = 5181, .adv_w = 256, .box_w = 14, .box_h = 14, .ofs_x = 1, .ofs_y = -1},
    {.bitmap_index = 5206, .adv_w = 256, .box_w = 14, .box_h = 14, .ofs_x = 1, .ofs_y = -1},
    {.bitmap_index = 5231, .adv_w = 256, .box_w = 14, .box_h = 14, .ofs_x = 1, .ofs_y = -1},
    {.bitmap_index = 5256, .adv_w = 256, .box_w = 14, .box_h = 13, .ofs_x = 1, .ofs_y = 0},
    {.bitmap_index = 5279, .adv_w = 256, .box_w = 15, .box_h = 14, .ofs_x = 0, .ofs_y = -1},
    {.bitmap_index = 5306, .adv_w = 256, .box_w = 15, .box_h = 14, .ofs_x = 0, .ofs_y = -1},
    {.bitmap_index = 5333, .adv_w = 256, .box_w = 15, .box_h = 14, .ofs_x = 0, .ofs_y = -1},
    {.bitmap_index = 5360, .adv_w = 256, .box_w = 14, .box_h = 14, .ofs_x = 1, .ofs_y = -1},
    {.bitmap_index = 5385, .adv_w = 256, .box_w = 15, .box_h = 15, .ofs_x = 0, .ofs_y = -1},
    {.bitmap_index = 5414, .adv_w = 256, .box_w = 15, .box_h = 14, .ofs_x = 1, .ofs_y = -1},
    {.bitmap_index = 5441, .adv_w = 256, .box_w = 14, .box_h = 14, .ofs_x = 1, .ofs_y = -1},
    {.bitmap_index = 5466, .adv_w = 256, .box_w = 15, .box_h = 13, .ofs_x = 1, .ofs_y = -1},
    {.bitmap_index = 5491, .adv_w = 256, .box_w = 14, .box_h = 14, .ofs_x = 1, .ofs_y = -1},
    {.bitmap_index = 5516, .adv_w = 256, .box_w = 14, .box_h = 14, .ofs_x = 1, .ofs_y = -1},
    {.bitmap_index = 5541, .adv_w = 256, .box_w = 14, .box_h = 14, .ofs_x = 1, .ofs_y = -1},
    {.bitmap_index = 5566, .adv_w = 256, .box_w = 14, .box_h = 14, .ofs_x = 1, .ofs_y = -1},
    {.bitmap_index = 5591, .adv_w = 256, .box_w = 15, .box_h = 14, .ofs_x = 1, .ofs_y = -1},
    {.bitmap_index = 5618, .adv_w = 256, .box_w = 14, .box_h = 14, .ofs_x = 1, .ofs_y = -1},
    {.bitmap_index = 5643, .adv_w = 256, .box_w = 14, .box_h = 14, .ofs_x = 1, .ofs_y = -1},
    {.bitmap_index = 5668, .adv_w = 256, .box_w = 14, .box_h = 14, .ofs_x = 1, .ofs_y = -1},
    {.bitmap_index = 5693, .adv_w = 256, .box_w = 14, .box_h = 15, .ofs_x = 1, .ofs_y = -1},
    {.bitmap_index = 5720, .adv_w = 256, .box_w = 14, .box_h = 15, .ofs_x = 1, .ofs_y = -1},
    {.bitmap_index = 5747, .adv_w = 256, .box_w = 15, .box_h = 15, .ofs_x = 0, .ofs_y = -1},
    {.bitmap_index = 5776, .adv_w = 256, .box_w = 13, .box_h = 14, .ofs_x = 2, .ofs_y = -1},
    {.bitmap_index = 5799, .adv_w = 256, .box_w = 14, .box_h = 14, .ofs_x = 1, .ofs_y = -1},
    {.bitmap_index = 5824, .adv_w = 256, .box_w = 15, .box_h = 14, .ofs_x = 1, .ofs_y = -1},
    {.bitmap_index = 5851, .adv_w = 256, .box_w = 14, .box_h = 15, .ofs_x = 1, .ofs_y = -1},
    {.bitmap_index = 5878, .adv_w = 256, .box_w = 14, .box_h = 14, .ofs_x = 2, .ofs_y = -1},
    {.bitmap_index = 5903, .adv_w = 256, .box_w = 15, .box_h = 14, .ofs_x = 1, .ofs_y = -1},
    {.bitmap_index = 5930, .adv_w = 256, .box_w = 14, .box_h = 14, .ofs_x = 1, .ofs_y = -1},
    {.bitmap_index = 5955, .adv_w = 256, .box_w = 14, .box_h = 14, .ofs_x = 1, .ofs_y = -1},
    {.bitmap_index = 5980, .adv_w = 256, .box_w = 16, .box_h = 14, .ofs_x = 0, .ofs_y = -1},
    {.bitmap_index = 6008, .adv_w = 256, .box_w = 15, .box_h = 15, .ofs_x = 0, .ofs_y = -2},
    {.bitmap_index = 6037, .adv_w = 256, .box_w = 14, .box_h = 14, .ofs_x = 1, .ofs_y = -1},
    {.bitmap_index = 6062, .adv_w = 256, .box_w = 15, .box_h = 14, .ofs_x = 0, .ofs_y = -1},
    {.bitmap_index = 6089, .adv_w = 256, .box_w = 15, .box_h = 14, .ofs_x = 0, .ofs_y = -1},
    {.bitmap_index = 6116, .adv_w = 256, .box_w = 14, .box_h = 14, .ofs_x = 1, .ofs_y = -1},
    {.bitmap_index = 6141, .adv_w = 256, .box_w = 13, .box_h = 14, .ofs_x = 1, .ofs_y = -1},
    {.bitmap_index = 6164, .adv_w = 256, .box_w = 15, .box_h = 14, .ofs_x = 1, .ofs_y = -1},
    {.bitmap_index = 6191, .adv_w = 256, .box_w = 14, .box_h = 11, .ofs_x = 1, .ofs_y = 0},
    {.bitmap_index = 6211, .adv_w = 256, .box_w = 13, .box_h = 14, .ofs_x = 2, .ofs_y = -1},
    {.bitmap_index = 6234, .adv_w = 256, .box_w = 14, .box_h = 14, .ofs_x = 1, .ofs_y = -1},
    {.bitmap_index = 6259, .adv_w = 256, .box_w = 14, .box_h = 14, .ofs_x = 2, .ofs_y = -1},
    {.bitmap_index = 6284, .adv_w = 256, .box_w = 14, .box_h = 14, .ofs_x = 1, .ofs_y = -1},
    {.bitmap_index = 6309, .adv_w = 256, .box_w = 14, .box_h = 15, .ofs_x = 1, .ofs_y = -1},
    {.bitmap_index = 6336, .adv_w = 256, .box_w = 14, .box_h = 14, .ofs_x = 1, .ofs_y = -1},
    {.bitmap_index = 6361, .adv_w = 256, .box_w = 13, .box_h = 14, .ofs_x = 2, .ofs_y = -1},
    {.bitmap_index = 6384, .adv_w = 256, .box_w = 14, .box_h = 13, .ofs_x = 1, .ofs_y = -1},
    {.bitmap_index = 6407, .adv_w = 256, .box_w = 14, .box_h = 13, .ofs_x = 1, .ofs_y = -1},
    {.bitmap_index = 6430, .adv_w = 256, .box_w = 14, .box_h = 14, .ofs_x = 1, .ofs_y = -1},
    {.bitmap_index = 6455, .adv_w = 256, .box_w = 14, .box_h = 14, .ofs_x = 1, .ofs_y = -1},
    {.bitmap_index = 6480, .adv_w = 256, .box_w = 15, .box_h = 14, .ofs_x = 0, .ofs_y = -1},
    {.bitmap_index = 6507, .adv_w = 256, .box_w = 14, .box_h = 14, .ofs_x = 1, .ofs_y = -1},
    {.bitmap_index = 6532, .adv_w = 256, .box_w = 14, .box_h = 15, .ofs_x = 1, .ofs_y = -1},
    {.bitmap_index = 6559, .adv_w = 256, .box_w = 14, .box_h = 15, .ofs_x = 1, .ofs_y = -1},
    {.bitmap_index = 6586, .adv_w = 256, .box_w = 14, .box_h = 15, .ofs_x = 1, .ofs_y = -1},
    {.bitmap_index = 6613, .adv_w = 256, .box_w = 14, .box_h = 14, .ofs_x = 1, .ofs_y = -1},
    {.bitmap_index = 6638, .adv_w = 256, .box_w = 14, .box_h = 14, .ofs_x = 1, .ofs_y = -1},
    {.bitmap_index = 6663, .adv_w = 256, .box_w = 14, .box_h = 14, .ofs_x = 1, .ofs_y = -1},
    {.bitmap_index = 6688, .adv_w = 256, .box_w = 15, .box_h = 14, .ofs_x = 1, .ofs_y = -1},
    {.bitmap_index = 6715, .adv_w = 256, .box_w = 14, .box_h = 14, .ofs_x = 1, .ofs_y = -1},
    {.bitmap_index = 6740, .adv_w = 256, .box_w = 15, .box_h = 14, .ofs_x = 0, .ofs_y = -1},
    {.bitmap_index = 6767, .adv_w = 256, .box_w = 13, .box_h = 14, .ofs_x = 1, .ofs_y = -1},
    {.bitmap_index = 6790, .adv_w = 256, .box_w = 15, .box_h = 15, .ofs_x = 1, .ofs_y = -1},
    {.bitmap_index = 6819, .adv_w = 256, .box_w = 15, .box_h = 14, .ofs_x = 0, .ofs_y = -1},
    {.bitmap_index = 6846, .adv_w = 256, .box_w = 14, .box_h = 15, .ofs_x = 1, .ofs_y = -1},
    {.bitmap_index = 6873, .adv_w = 256, .box_w = 14, .box_h = 14, .ofs_x = 1, .ofs_y = -1},
    {.bitmap_index = 6898, .adv_w = 256, .box_w = 15, .box_h = 14, .ofs_x = 1, .ofs_y = -1},
    {.bitmap_index = 6925, .adv_w = 256, .box_w = 15, .box_h = 14, .ofs_x = 1, .ofs_y = -1},
    {.bitmap_index = 6952, .adv_w = 256, .box_w = 14, .box_h = 14, .ofs_x = 1, .ofs_y = -1},
    {.bitmap_index = 6977, .adv_w = 256, .box_w = 14, .box_h = 14, .ofs_x = 1, .ofs_y = -1},
    {.bitmap_index = 7002, .adv_w = 256, .box_w = 14, .box_h = 14, .ofs_x = 1, .ofs_y = -1},
    {.bitmap_index = 7027, .adv_w = 256, .box_w = 15, .box_h = 15, .ofs_x = 0, .ofs_y = -1},
    {.bitmap_index = 7056, .adv_w = 256, .box_w = 13, .box_h = 15, .ofs_x = 2, .ofs_y = -1},
    {.bitmap_index = 7081, .adv_w = 256, .box_w = 14, .box_h = 14, .ofs_x = 1, .ofs_y = -1},
    {.bitmap_index = 7106, .adv_w = 256, .box_w = 15, .box_h = 14, .ofs_x = 1, .ofs_y = -1},
    {.bitmap_index = 7133, .adv_w = 256, .box_w = 14, .box_h = 14, .ofs_x = 0, .ofs_y = -1},
    {.bitmap_index = 7158, .adv_w = 256, .box_w = 15, .box_h = 14, .ofs_x = 1, .ofs_y = -1},
    {.bitmap_index = 7185, .adv_w = 256, .box_w = 13, .box_h = 15, .ofs_x = 1, .ofs_y = -1},
    {.bitmap_index = 7210, .adv_w = 256, .box_w = 14, .box_h = 14, .ofs_x = 1, .ofs_y = -1},
    {.bitmap_index = 7235, .adv_w = 256, .box_w = 14, .box_h = 14, .ofs_x = 1, .ofs_y = -1},
    {.bitmap_index = 7260, .adv_w = 256, .box_w = 15, .box_h = 14, .ofs_x = 1, .ofs_y = -1},
    {.bitmap_index = 7287, .adv_w = 256, .box_w = 14, .box_h = 14, .ofs_x = 1, .ofs_y = -1},
    {.bitmap_index = 7312, .adv_w = 256, .box_w = 14, .box_h = 14, .ofs_x = 1, .ofs_y = -1},
    {.bitmap_index = 7337, .adv_w = 256, .box_w = 14, .box_h = 14, .ofs_x = 1, .ofs_y = -1},
    {.bitmap_index = 7362, .adv_w = 256, .box_w = 15, .box_h = 14, .ofs_x = 1, .ofs_y = -1},
    {.bitmap_index = 7389, .adv_w = 256, .box_w = 14, .box_h = 14, .ofs_x = 1, .ofs_y = -1},
    {.bitmap_index = 7414, .adv_w = 256, .box_w = 14, .box_h = 14, .ofs_x = 1, .ofs_y = -1},
    {.bitmap_index = 7439, .adv_w = 256, .box_w = 14, .box_h = 14, .ofs_x = 2, .ofs_y = -1},
    {.bitmap_index = 7464, .adv_w = 256, .box_w = 14, .box_h = 14, .ofs_x = 1, .ofs_y = -1},
    {.bitmap_index = 7489, .adv_w = 256, .box_w = 14, .box_h = 15, .ofs_x = 0, .ofs_y = -1},
    {.bitmap_index = 7516, .adv_w = 256, .box_w = 15, .box_h = 14, .ofs_x = 0, .ofs_y = -1},
    {.bitmap_index = 7543, .adv_w = 256, .box_w = 14, .box_h = 14, .ofs_x = 1, .ofs_y = -1},
    {.bitmap_index = 7568, .adv_w = 256, .box_w = 15, .box_h = 14, .ofs_x = 0, .ofs_y = -1},
    {.bitmap_index = 7595, .adv_w = 256, .box_w = 15, .box_h = 14, .ofs_x = 1, .ofs_y = -1},
    {.bitmap_index = 7622, .adv_w = 256, .box_w = 15, .box_h = 14, .ofs_x = 1, .ofs_y = -1},
    {.bitmap_index = 7649, .adv_w = 256, .box_w = 15, .box_h = 14, .ofs_x = 1, .ofs_y = -1},
    {.bitmap_index = 7676, .adv_w = 256, .box_w = 15, .box_h = 14, .ofs_x = 1, .ofs_y = -1},
    {.bitmap_index = 7703, .adv_w = 256, .box_w = 15, .box_h = 14, .ofs_x = 1, .ofs_y = -1},
    {.bitmap_index = 7730, .adv_w = 256, .box_w = 14, .box_h = 15, .ofs_x = 1, .ofs_y = -1},
    {.bitmap_index = 7757, .adv_w = 256, .box_w = 14, .box_h = 14, .ofs_x = 1, .ofs_y = -1},
    {.bitmap_index = 7782, .adv_w = 256, .box_w = 14, .box_h = 14, .ofs_x = 1, .ofs_y = -1},
    {.bitmap_index = 7807, .adv_w = 256, .box_w = 14, .box_h = 14, .ofs_x = 0, .ofs_y = -1},
    {.bitmap_index = 7832, .adv_w = 256, .box_w = 14, .box_h = 14, .ofs_x = 1, .ofs_y = -1},
    {.bitmap_index = 7857, .adv_w = 256, .box_w = 15, .box_h = 14, .ofs_x = 1, .ofs_y = -1},
    {.bitmap_index = 7884, .adv_w = 256, .box_w = 15, .box_h = 14, .ofs_x = 1, .ofs_y = -1},
    {.bitmap_index = 7911, .adv_w = 256, .box_w = 15, .box_h = 14, .ofs_x = 1, .ofs_y = -1},
    {.bitmap_index = 7938, .adv_w = 256, .box_w = 14, .box_h = 14, .ofs_x = 1, .ofs_y = -1},
    {.bitmap_index = 7963, .adv_w = 256, .box_w = 14, .box_h = 14, .ofs_x = 1, .ofs_y = -1},
    {.bitmap_index = 7988, .adv_w = 256, .box_w = 15, .box_h = 14, .ofs_x = 1, .ofs_y = -1},
    {.bitmap_index = 8015, .adv_w = 256, .box_w = 15, .box_h = 15, .ofs_x = 1, .ofs_y = -1},
    {.bitmap_index = 8044, .adv_w = 256, .box_w = 15, .box_h = 14, .ofs_x = 1, .ofs_y = -1},
    {.bitmap_index = 8071, .adv_w = 256, .box_w = 14, .box_h = 14, .ofs_x = 1, .ofs_y = -1},
    {.bitmap_index = 8096, .adv_w = 256, .box_w = 14, .box_h = 14, .ofs_x = 1, .ofs_y = -1},
    {.bitmap_index = 8121, .adv_w = 256, .box_w = 15, .box_h = 14, .ofs_x = 1, .ofs_y = -1},
    {.bitmap_index = 8148, .adv_w = 256, .box_w = 14, .box_h = 15, .ofs_x = 1, .ofs_y = -1},
    {.bitmap_index = 8175, .adv_w = 256, .box_w = 14, .box_h = 15, .ofs_x = 1, .ofs_y = -1},
    {.bitmap_index = 8202, .adv_w = 256, .box_w = 14, .box_h = 15, .ofs_x = 1, .ofs_y = -1},
    {.bitmap_index = 8229, .adv_w = 256, .box_w = 14, .box_h = 13, .ofs_x = 1, .ofs_y = -1},
    {.bitmap_index = 8252, .adv_w = 256, .box_w = 11, .box_h = 14, .ofs_x = 2, .ofs_y = -1},
    {.bitmap_index = 8272, .adv_w = 256, .box_w = 13, .box_h = 14, .ofs_x = 2, .ofs_y = -1},
    {.bitmap_index = 8295, .adv_w = 256, .box_w = 14, .box_h = 14, .ofs_x = 1, .ofs_y = -1},
    {.bitmap_index = 8320, .adv_w = 256, .box_w = 14, .box_h = 14, .ofs_x = 1, .ofs_y = -1},
    {.bitmap_index = 8345, .adv_w = 256, .box_w = 13, .box_h = 14, .ofs_x = 1, .ofs_y = -1},
    {.bitmap_index = 8368, .adv_w = 256, .box_w = 13, .box_h = 14, .ofs_x = 1, .ofs_y = -1},
    {.bitmap_index = 8391, .adv_w = 256, .box_w = 14, .box_h = 14, .ofs_x = 1, .ofs_y = -1},
    {.bitmap_index = 8416, .adv_w = 256, .box_w = 14, .box_h = 14, .ofs_x = 1, .ofs_y = -1},
    {.bitmap_index = 8441, .adv_w = 256, .box_w = 14, .box_h = 14, .ofs_x = 1, .ofs_y = -1},
    {.bitmap_index = 8466, .adv_w = 256, .box_w = 14, .box_h = 15, .ofs_x = 1, .ofs_y = -1},
    {.bitmap_index = 8493, .adv_w = 256, .box_w = 15, .box_h = 14, .ofs_x = 1, .ofs_y = -1},
    {.bitmap_index = 8520, .adv_w = 256, .box_w = 14, .box_h = 14, .ofs_x = 1, .ofs_y = -1},
    {.bitmap_index = 8545, .adv_w = 256, .box_w = 13, .box_h = 14, .ofs_x = 0, .ofs_y = -1},
    {.bitmap_index = 8568, .adv_w = 256, .box_w = 14, .box_h = 14, .ofs_x = 1, .ofs_y = -1},
    {.bitmap_index = 8593, .adv_w = 256, .box_w = 15, .box_h = 14, .ofs_x = 1, .ofs_y = -1},
    {.bitmap_index = 8620, .adv_w = 256, .box_w = 14, .box_h = 15, .ofs_x = 1, .ofs_y = -1},
    {.bitmap_index = 8647, .adv_w = 256, .box_w = 16, .box_h = 14, .ofs_x = 0, .ofs_y = -1},
    {.bitmap_index = 8675, .adv_w = 256, .box_w = 14, .box_h = 14, .ofs_x = 1, .ofs_y = -1},
    {.bitmap_index = 8700, .adv_w = 256, .box_w = 15, .box_h = 14, .ofs_x = 0, .ofs_y = -1},
    {.bitmap_index = 8727, .adv_w = 256, .box_w = 16, .box_h = 14, .ofs_x = 0, .ofs_y = -1},
    {.bitmap_index = 8755, .adv_w = 256, .box_w = 15, .box_h = 14, .ofs_x = 1, .ofs_y = -1},
    {.bitmap_index = 8782, .adv_w = 256, .box_w = 15, .box_h = 14, .ofs_x = 1, .ofs_y = -1},
    {.bitmap_index = 8809, .adv_w = 256, .box_w = 15, .box_h = 14, .ofs_x = 1, .ofs_y = -1},
    {.bitmap_index = 8836, .adv_w = 256, .box_w = 14, .box_h = 14, .ofs_x = 1, .ofs_y = -1},
    {.bitmap_index = 8861, .adv_w = 256, .box_w = 14, .box_h = 14, .ofs_x = 1, .ofs_y = -1},
    {.bitmap_index = 8886, .adv_w = 256, .box_w = 14, .box_h = 14, .ofs_x = 1, .ofs_y = -1},
    {.bitmap_index = 8911, .adv_w = 256, .box_w = 14, .box_h = 14, .ofs_x = 1, .ofs_y = -1},
    {.bitmap_index = 8936, .adv_w = 256, .box_w = 14, .box_h = 14, .ofs_x = 1, .ofs_y = -1},
    {.bitmap_index = 8961, .adv_w = 256, .box_w = 14, .box_h = 14, .ofs_x = 1, .ofs_y = -1},
    {.bitmap_index = 8986, .adv_w = 256, .box_w = 14, .box_h = 14, .ofs_x = 1, .ofs_y = -1},
    {.bitmap_index = 9011, .adv_w = 256, .box_w = 14, .box_h = 14, .ofs_x = 1, .ofs_y = -1},
    {.bitmap_index = 9036, .adv_w = 256, .box_w = 14, .box_h = 14, .ofs_x = 1, .ofs_y = -1},
    {.bitmap_index = 9061, .adv_w = 256, .box_w = 14, .box_h = 14, .ofs_x = 1, .ofs_y = -1},
    {.bitmap_index = 9086, .adv_w = 256, .box_w = 15, .box_h = 15, .ofs_x = 1, .ofs_y = -1},
    {.bitmap_index = 9115, .adv_w = 256, .box_w = 15, .box_h = 15, .ofs_x = 0, .ofs_y = -1},
    {.bitmap_index = 9144, .adv_w = 256, .box_w = 14, .box_h = 14, .ofs_x = 1, .ofs_y = -1},
    {.bitmap_index = 9169, .adv_w = 256, .box_w = 14, .box_h = 14, .ofs_x = 1, .ofs_y = -1},
    {.bitmap_index = 9194, .adv_w = 256, .box_w = 14, .box_h = 15, .ofs_x = 1, .ofs_y = -1},
    {.bitmap_index = 9221, .adv_w = 256, .box_w = 14, .box_h = 14, .ofs_x = 1, .ofs_y = -1},
    {.bitmap_index = 9246, .adv_w = 256, .box_w = 14, .box_h = 14, .ofs_x = 1, .ofs_y = -1},
    {.bitmap_index = 9271, .adv_w = 256, .box_w = 15, .box_h = 15, .ofs_x = 0, .ofs_y = -1},
    {.bitmap_index = 9300, .adv_w = 256, .box_w = 16, .box_h = 14, .ofs_x = 0, .ofs_y = -1},
    {.bitmap_index = 9328, .adv_w = 256, .box_w = 16, .box_h = 14, .ofs_x = 0, .ofs_y = -1},
    {.bitmap_index = 9356, .adv_w = 256, .box_w = 15, .box_h = 14, .ofs_x = 0, .ofs_y = -1},
    {.bitmap_index = 9383, .adv_w = 256, .box_w = 15, .box_h = 15, .ofs_x = 0, .ofs_y = -1},
    {.bitmap_index = 9412, .adv_w = 256, .box_w = 14, .box_h = 14, .ofs_x = 1, .ofs_y = -1},
    {.bitmap_index = 9437, .adv_w = 256, .box_w = 14, .box_h = 14, .ofs_x = 1, .ofs_y = -1},
    {.bitmap_index = 9462, .adv_w = 256, .box_w = 15, .box_h = 15, .ofs_x = 0, .ofs_y = -1},
    {.bitmap_index = 9491, .adv_w = 256, .box_w = 15, .box_h = 14, .ofs_x = 0, .ofs_y = -1},
    {.bitmap_index = 9518, .adv_w = 256, .box_w = 15, .box_h = 15, .ofs_x = 1, .ofs_y = -1},
    {.bitmap_index = 9547, .adv_w = 256, .box_w = 16, .box_h = 15, .ofs_x = 0, .ofs_y = -1},
    {.bitmap_index = 9577, .adv_w = 256, .box_w = 15, .box_h = 14, .ofs_x = 0, .ofs_y = -1},
    {.bitmap_index = 9604, .adv_w = 256, .box_w = 14, .box_h = 14, .ofs_x = 1, .ofs_y = -1},
    {.bitmap_index = 9629, .adv_w = 256, .box_w = 14, .box_h = 14, .ofs_x = 1, .ofs_y = -1},
    {.bitmap_index = 9654, .adv_w = 256, .box_w = 15, .box_h = 15, .ofs_x = 1, .ofs_y = -2},
    {.bitmap_index = 9683, .adv_w = 256, .box_w = 14, .box_h = 14, .ofs_x = 1, .ofs_y = -1},
    {.bitmap_index = 9708, .adv_w = 256, .box_w = 14, .box_h = 14, .ofs_x = 1, .ofs_y = -1},
    {.bitmap_index = 9733, .adv_w = 256, .box_w = 14, .box_h = 14, .ofs_x = 1, .ofs_y = -1},
    {.bitmap_index = 9758, .adv_w = 256, .box_w = 15, .box_h = 14, .ofs_x = 1, .ofs_y = -1},
    {.bitmap_index = 9785, .adv_w = 256, .box_w = 15, .box_h = 14, .ofs_x = 1, .ofs_y = -1},
    {.bitmap_index = 9812, .adv_w = 256, .box_w = 14, .box_h = 15, .ofs_x = 0, .ofs_y = -1},
    {.bitmap_index = 9839, .adv_w = 256, .box_w = 14, .box_h = 14, .ofs_x = 1, .ofs_y = -1},
    {.bitmap_index = 9864, .adv_w = 256, .box_w = 14, .box_h = 14, .ofs_x = 1, .ofs_y = -1},
    {.bitmap_index = 9889, .adv_w = 256, .box_w = 15, .box_h = 14, .ofs_x = 1, .ofs_y = -1},
    {.bitmap_index = 9916, .adv_w = 256, .box_w = 15, .box_h = 14, .ofs_x = 1, .ofs_y = -1},
    {.bitmap_index = 9943, .adv_w = 256, .box_w = 14, .box_h = 14, .ofs_x = 1, .ofs_y = -1},
    {.bitmap_index = 9968, .adv_w = 256, .box_w = 15, .box_h = 15, .ofs_x = 1, .ofs_y = -1},
    {.bitmap_index = 9997, .adv_w = 256, .box_w = 15, .box_h = 14, .ofs_x = 1, .ofs_y = -1},
    {.bitmap_index = 10024, .adv_w = 256, .box_w = 14, .box_h = 14, .ofs_x = 1, .ofs_y = -1},
    {.bitmap_index = 10049, .adv_w = 256, .box_w = 14, .box_h = 13, .ofs_x = 0, .ofs_y = -1},
    {.bitmap_index = 10072, .adv_w = 256, .box_w = 12, .box_h = 14, .ofs_x = 2, .ofs_y = -1},
    {.bitmap_index = 10093, .adv_w = 256, .box_w = 13, .box_h = 14, .ofs_x = 2, .ofs_y = -1},
    {.bitmap_index = 10116, .adv_w = 256, .box_w = 15, .box_h = 14, .ofs_x = 1, .ofs_y = -1},
    {.bitmap_index = 10143, .adv_w = 256, .box_w = 12, .box_h = 15, .ofs_x = 2, .ofs_y = -1},
    {.bitmap_index = 10166, .adv_w = 256, .box_w = 14, .box_h = 14, .ofs_x = 1, .ofs_y = -1},
    {.bitmap_index = 10191, .adv_w = 256, .box_w = 14, .box_h = 15, .ofs_x = 2, .ofs_y = -1},
    {.bitmap_index = 10218, .adv_w = 256, .box_w = 14, .box_h = 15, .ofs_x = 1, .ofs_y = -1},
    {.bitmap_index = 10245, .adv_w = 256, .box_w = 14, .box_h = 14, .ofs_x = 1, .ofs_y = -1},
    {.bitmap_index = 10270, .adv_w = 256, .box_w = 14, .box_h = 15, .ofs_x = 1, .ofs_y = -1},
    {.bitmap_index = 10297, .adv_w = 256, .box_w = 14, .box_h = 14, .ofs_x = 1, .ofs_y = -1},
    {.bitmap_index = 10322, .adv_w = 256, .box_w = 14, .box_h = 13, .ofs_x = 1, .ofs_y = 0},
    {.bitmap_index = 10345, .adv_w = 256, .box_w = 15, .box_h = 15, .ofs_x = 0, .ofs_y = -1},
    {.bitmap_index = 10374, .adv_w = 256, .box_w = 13, .box_h = 14, .ofs_x = 1, .ofs_y = -1},
    {.bitmap_index = 10397, .adv_w = 256, .box_w = 14, .box_h = 15, .ofs_x = 1, .ofs_y = -1},
    {.bitmap_index = 10424, .adv_w = 256, .box_w = 14, .box_h = 14, .ofs_x = 1, .ofs_y = -1},
    {.bitmap_index = 10449, .adv_w = 256, .box_w = 15, .box_h = 13, .ofs_x = 0, .ofs_y = -1},
    {.bitmap_index = 10474, .adv_w = 256, .box_w = 14, .box_h = 14, .ofs_x = 1, .ofs_y = -1},
    {.bitmap_index = 10499, .adv_w = 256, .box_w = 15, .box_h = 14, .ofs_x = 1, .ofs_y = -1},
    {.bitmap_index = 10526, .adv_w = 256, .box_w = 14, .box_h = 14, .ofs_x = 1, .ofs_y = -1},
    {.bitmap_index = 10551, .adv_w = 256, .box_w = 14, .box_h = 15, .ofs_x = 1, .ofs_y = -1},
    {.bitmap_index = 10578, .adv_w = 256, .box_w = 15, .box_h = 14, .ofs_x = 0, .ofs_y = -1},
    {.bitmap_index = 10605, .adv_w = 256, .box_w = 13, .box_h = 14, .ofs_x = 1, .ofs_y = -1},
    {.bitmap_index = 10628, .adv_w = 256, .box_w = 14, .box_h = 15, .ofs_x = 1, .ofs_y = -1},
    {.bitmap_index = 10655, .adv_w = 256, .box_w = 14, .box_h = 14, .ofs_x = 1, .ofs_y = -1},
    {.bitmap_index = 10680, .adv_w = 256, .box_w = 14, .box_h = 14, .ofs_x = 1, .ofs_y = -1},
    {.bitmap_index = 10705, .adv_w = 256, .box_w = 15, .box_h = 15, .ofs_x = 1, .ofs_y = -1},
    {.bitmap_index = 10734, .adv_w = 256, .box_w = 14, .box_h = 14, .ofs_x = 1, .ofs_y = -1},
    {.bitmap_index = 10759, .adv_w = 256, .box_w = 13, .box_h = 15, .ofs_x = 2, .ofs_y = -1},
    {.bitmap_index = 10784, .adv_w = 256, .box_w = 14, .box_h = 13, .ofs_x = 1, .ofs_y = 0},
    {.bitmap_index = 10807, .adv_w = 256, .box_w = 15, .box_h = 14, .ofs_x = 1, .ofs_y = -1},
    {.bitmap_index = 10834, .adv_w = 256, .box_w = 14, .box_h = 14, .ofs_x = 1, .ofs_y = -1},
    {.bitmap_index = 10859, .adv_w = 256, .box_w = 14, .box_h = 15, .ofs_x = 1, .ofs_y = -1},
    {.bitmap_index = 10886, .adv_w = 256, .box_w = 14, .box_h = 14, .ofs_x = 0, .ofs_y = -1},
    {.bitmap_index = 10911, .adv_w = 256, .box_w = 14, .box_h = 14, .ofs_x = 1, .ofs_y = -1},
    {.bitmap_index = 10936, .adv_w = 256, .box_w = 15, .box_h = 14, .ofs_x = 1, .ofs_y = -1},
    {.bitmap_index = 10963, .adv_w = 256, .box_w = 14, .box_h = 14, .ofs_x = 1, .ofs_y = -1},
    {.bitmap_index = 10988, .adv_w = 256, .box_w = 15, .box_h = 14, .ofs_x = 1, .ofs_y = -1},
    {.bitmap_index = 11015, .adv_w = 256, .box_w = 14, .box_h = 14, .ofs_x = 1, .ofs_y = -1},
    {.bitmap_index = 11040, .adv_w = 256, .box_w = 14, .box_h = 14, .ofs_x = 1, .ofs_y = -1},
    {.bitmap_index = 11065, .adv_w = 256, .box_w = 15, .box_h = 15, .ofs_x = 0, .ofs_y = -1},
    {.bitmap_index = 11094, .adv_w = 256, .box_w = 15, .box_h = 14, .ofs_x = 1, .ofs_y = -1},
    {.bitmap_index = 11121, .adv_w = 256, .box_w = 14, .box_h = 15, .ofs_x = 1, .ofs_y = -1},
    {.bitmap_index = 11148, .adv_w = 256, .box_w = 14, .box_h = 15, .ofs_x = 1, .ofs_y = -1},
    {.bitmap_index = 11175, .adv_w = 256, .box_w = 15, .box_h = 14, .ofs_x = 0, .ofs_y = -1},
    {.bitmap_index = 11202, .adv_w = 256, .box_w = 16, .box_h = 14, .ofs_x = 0, .ofs_y = -1},
    {.bitmap_index = 11230, .adv_w = 256, .box_w = 15, .box_h = 14, .ofs_x = 0, .ofs_y = -1},
    {.bitmap_index = 11257, .adv_w = 256, .box_w = 14, .box_h = 15, .ofs_x = 1, .ofs_y = -1},
    {.bitmap_index = 11284, .adv_w = 256, .box_w = 15, .box_h = 15, .ofs_x = 0, .ofs_y = -1},
    {.bitmap_index = 11313, .adv_w = 256, .box_w = 14, .box_h = 14, .ofs_x = 1, .ofs_y = -1},
    {.bitmap_index = 11338, .adv_w = 256, .box_w = 14, .box_h = 14, .ofs_x = 1, .ofs_y = -1},
    {.bitmap_index = 11363, .adv_w = 256, .box_w = 14, .box_h = 14, .ofs_x = 1, .ofs_y = -1},
    {.bitmap_index = 11388, .adv_w = 256, .box_w = 15, .box_h = 14, .ofs_x = 1, .ofs_y = -1},
    {.bitmap_index = 11415, .adv_w = 256, .box_w = 14, .box_h = 14, .ofs_x = 1, .ofs_y = -1},
    {.bitmap_index = 11440, .adv_w = 256, .box_w = 14, .box_h = 14, .ofs_x = 0, .ofs_y = -1},
    {.bitmap_index = 11465, .adv_w = 256, .box_w = 16, .box_h = 15, .ofs_x = 1, .ofs_y = -1},
    {.bitmap_index = 11495, .adv_w = 256, .box_w = 11, .box_h = 14, .ofs_x = 3, .ofs_y = -1},
    {.bitmap_index = 11515, .adv_w = 256, .box_w = 14, .box_h = 13, .ofs_x = 1, .ofs_y = 0},
    {.bitmap_index = 11538, .adv_w = 256, .box_w = 15, .box_h = 15, .ofs_x = 1, .ofs_y = -1},
    {.bitmap_index = 11567, .adv_w = 256, .box_w = 15, .box_h = 15, .ofs_x = 1, .ofs_y = -1},
    {.bitmap_index = 11596, .adv_w = 256, .box_w = 15, .box_h = 14, .ofs_x = 1, .ofs_y = -1},
    {.bitmap_index = 11623, .adv_w = 256, .box_w = 15, .box_h = 14, .ofs_x = 1, .ofs_y = -1},
    {.bitmap_index = 11650, .adv_w = 256, .box_w = 14, .box_h = 14, .ofs_x = 1, .ofs_y = -1},
    {.bitmap_index = 11675, .adv_w = 256, .box_w = 14, .box_h = 14, .ofs_x = 1, .ofs_y = -1},
    {.bitmap_index = 11700, .adv_w = 256, .box_w = 16, .box_h = 14, .ofs_x = 0, .ofs_y = -1},
    {.bitmap_index = 11728, .adv_w = 256, .box_w = 14, .box_h = 14, .ofs_x = 1, .ofs_y = -1},
    {.bitmap_index = 11753, .adv_w = 256, .box_w = 14, .box_h = 14, .ofs_x = 1, .ofs_y = -1},
    {.bitmap_index = 11778, .adv_w = 256, .box_w = 15, .box_h = 14, .ofs_x = 1, .ofs_y = -1},
    {.bitmap_index = 11805, .adv_w = 256, .box_w = 14, .box_h = 14, .ofs_x = 1, .ofs_y = -1},
    {.bitmap_index = 11830, .adv_w = 256, .box_w = 15, .box_h = 15, .ofs_x = 0, .ofs_y = -1},
    {.bitmap_index = 11859, .adv_w = 256, .box_w = 14, .box_h = 15, .ofs_x = 1, .ofs_y = -1},
    {.bitmap_index = 11886, .adv_w = 256, .box_w = 16, .box_h = 14, .ofs_x = 0, .ofs_y = -1},
    {.bitmap_index = 11914, .adv_w = 256, .box_w = 14, .box_h = 14, .ofs_x = 1, .ofs_y = -1},
    {.bitmap_index = 11939, .adv_w = 256, .box_w = 14, .box_h = 14, .ofs_x = 1, .ofs_y = -1},
    {.bitmap_index = 11964, .adv_w = 256, .box_w = 14, .box_h = 14, .ofs_x = 1, .ofs_y = -1},
    {.bitmap_index = 11989, .adv_w = 256, .box_w = 15, .box_h = 14, .ofs_x = 1, .ofs_y = -1},
    {.bitmap_index = 12016, .adv_w = 256, .box_w = 15, .box_h = 14, .ofs_x = 1, .ofs_y = -1},
    {.bitmap_index = 12043, .adv_w = 256, .box_w = 13, .box_h = 14, .ofs_x = 2, .ofs_y = -1},
    {.bitmap_index = 12066, .adv_w = 256, .box_w = 15, .box_h = 15, .ofs_x = 1, .ofs_y = -1},
    {.bitmap_index = 12095, .adv_w = 256, .box_w = 14, .box_h = 14, .ofs_x = 1, .ofs_y = -1},
    {.bitmap_index = 12120, .adv_w = 256, .box_w = 14, .box_h = 14, .ofs_x = 1, .ofs_y = -1},
    {.bitmap_index = 12145, .adv_w = 256, .box_w = 14, .box_h = 14, .ofs_x = 1, .ofs_y = -1},
    {.bitmap_index = 12170, .adv_w = 256, .box_w = 14, .box_h = 14, .ofs_x = 1, .ofs_y = -1},
    {.bitmap_index = 12195, .adv_w = 256, .box_w = 14, .box_h = 14, .ofs_x = 1, .ofs_y = -1},
    {.bitmap_index = 12220, .adv_w = 256, .box_w = 15, .box_h = 14, .ofs_x = 1, .ofs_y = -1},
    {.bitmap_index = 12247, .adv_w = 256, .box_w = 14, .box_h = 14, .ofs_x = 1, .ofs_y = -1},
    {.bitmap_index = 12272, .adv_w = 256, .box_w = 15, .box_h = 14, .ofs_x = 1, .ofs_y = -1},
    {.bitmap_index = 12299, .adv_w = 256, .box_w = 14, .box_h = 14, .ofs_x = 1, .ofs_y = -1},
    {.bitmap_index = 12324, .adv_w = 256, .box_w = 14, .box_h = 14, .ofs_x = 1, .ofs_y = -1},
    {.bitmap_index = 12349, .adv_w = 256, .box_w = 14, .box_h = 14, .ofs_x = 1, .ofs_y = -1},
    {.bitmap_index = 12374, .adv_w = 256, .box_w = 14, .box_h = 14, .ofs_x = 1, .ofs_y = -1},
    {.bitmap_index = 12399, .adv_w = 256, .box_w = 15, .box_h = 15, .ofs_x = 1, .ofs_y = -1},
    {.bitmap_index = 12428, .adv_w = 256, .box_w = 14, .box_h = 14, .ofs_x = 1, .ofs_y = -1},
    {.bitmap_index = 12453, .adv_w = 256, .box_w = 14, .box_h = 15, .ofs_x = 1, .ofs_y = -2},
    {.bitmap_index = 12480, .adv_w = 256, .box_w = 14, .box_h = 15, .ofs_x = 1, .ofs_y = -2},
    {.bitmap_index = 12507, .adv_w = 256, .box_w = 15, .box_h = 14, .ofs_x = 1, .ofs_y = -1},
    {.bitmap_index = 12534, .adv_w = 256, .box_w = 15, .box_h = 15, .ofs_x = 0, .ofs_y = -1},
    {.bitmap_index = 12563, .adv_w = 256, .box_w = 15, .box_h = 14, .ofs_x = 0, .ofs_y = -1},
    {.bitmap_index = 12590, .adv_w = 256, .box_w = 15, .box_h = 15, .ofs_x = 1, .ofs_y = -1},
    {.bitmap_index = 12619, .adv_w = 256, .box_w = 15, .box_h = 14, .ofs_x = 1, .ofs_y = -1},
    {.bitmap_index = 12646, .adv_w = 256, .box_w = 14, .box_h = 15, .ofs_x = 2, .ofs_y = -1},
    {.bitmap_index = 12673, .adv_w = 256, .box_w = 14, .box_h = 14, .ofs_x = 1, .ofs_y = -1},
    {.bitmap_index = 12698, .adv_w = 256, .box_w = 14, .box_h = 14, .ofs_x = 1, .ofs_y = -1},
    {.bitmap_index = 12723, .adv_w = 256, .box_w = 14, .box_h = 15, .ofs_x = 1, .ofs_y = -1},
    {.bitmap_index = 12750, .adv_w = 256, .box_w = 15, .box_h = 14, .ofs_x = 1, .ofs_y = -1},
    {.bitmap_index = 12777, .adv_w = 256, .box_w = 15, .box_h = 14, .ofs_x = 1, .ofs_y = -1},
    {.bitmap_index = 12804, .adv_w = 256, .box_w = 14, .box_h = 13, .ofs_x = 1, .ofs_y = 0},
    {.bitmap_index = 12827, .adv_w = 256, .box_w = 14, .box_h = 14, .ofs_x = 1, .ofs_y = -1},
    {.bitmap_index = 12852, .adv_w = 256, .box_w = 14, .box_h = 15, .ofs_x = 1, .ofs_y = -1},
    {.bitmap_index = 12879, .adv_w = 256, .box_w = 15, .box_h = 15, .ofs_x = 1, .ofs_y = -1},
    {.bitmap_index = 12908, .adv_w = 256, .box_w = 14, .box_h = 14, .ofs_x = 1, .ofs_y = -1},
    {.bitmap_index = 12933, .adv_w = 256, .box_w = 14, .box_h = 14, .ofs_x = 1, .ofs_y = -1},
    {.bitmap_index = 12958, .adv_w = 256, .box_w = 15, .box_h = 15, .ofs_x = 1, .ofs_y = -1},
    {.bitmap_index = 12987, .adv_w = 256, .box_w = 14, .box_h = 14, .ofs_x = 1, .ofs_y = -1},
    {.bitmap_index = 13012, .adv_w = 256, .box_w = 14, .box_h = 14, .ofs_x = 1, .ofs_y = -1},
    {.bitmap_index = 13037, .adv_w = 256, .box_w = 14, .box_h = 14, .ofs_x = 1, .ofs_y = -1},
    {.bitmap_index = 13062, .adv_w = 256, .box_w = 15, .box_h = 14, .ofs_x = 1, .ofs_y = -1},
    {.bitmap_index = 13089, .adv_w = 256, .box_w = 14, .box_h = 14, .ofs_x = 1, .ofs_y = -1},
    {.bitmap_index = 13114, .adv_w = 256, .box_w = 14, .box_h = 14, .ofs_x = 1, .ofs_y = -1},
    {.bitmap_index = 13139, .adv_w = 256, .box_w = 14, .box_h = 15, .ofs_x = 1, .ofs_y = -1},
    {.bitmap_index = 13166, .adv_w = 256, .box_w = 14, .box_h = 14, .ofs_x = 1, .ofs_y = -1},
    {.bitmap_index = 13191, .adv_w = 256, .box_w = 14, .box_h = 14, .ofs_x = 1, .ofs_y = -1},
    {.bitmap_index = 13216, .adv_w = 256, .box_w = 14, .box_h = 15, .ofs_x = 1, .ofs_y = -1},
    {.bitmap_index = 13243, .adv_w = 256, .box_w = 15, .box_h = 14, .ofs_x = 0, .ofs_y = -1},
    {.bitmap_index = 13270, .adv_w = 256, .box_w = 14, .box_h = 14, .ofs_x = 1, .ofs_y = -1},
    {.bitmap_index = 13295, .adv_w = 256, .box_w = 15, .box_h = 14, .ofs_x = 1, .ofs_y = -1},
    {.bitmap_index = 13322, .adv_w = 256, .box_w = 14, .box_h = 14, .ofs_x = 1, .ofs_y = -1},
    {.bitmap_index = 13347, .adv_w = 256, .box_w = 14, .box_h = 15, .ofs_x = 1, .ofs_y = -1},
    {.bitmap_index = 13374, .adv_w = 256, .box_w = 13, .box_h = 15, .ofs_x = 2, .ofs_y = -1},
    {.bitmap_index = 13399, .adv_w = 256, .box_w = 14, .box_h = 14, .ofs_x = 2, .ofs_y = -1},
    {.bitmap_index = 13424, .adv_w = 256, .box_w = 13, .box_h = 14, .ofs_x = 2, .ofs_y = -1},
    {.bitmap_index = 13447, .adv_w = 256, .box_w = 13, .box_h = 15, .ofs_x = 2, .ofs_y = -1},
    {.bitmap_index = 13472, .adv_w = 256, .box_w = 13, .box_h = 15, .ofs_x = 2, .ofs_y = -1},
    {.bitmap_index = 13497, .adv_w = 256, .box_w = 14, .box_h = 14, .ofs_x = 2, .ofs_y = -1},
    {.bitmap_index = 13522, .adv_w = 256, .box_w = 14, .box_h = 14, .ofs_x = 1, .ofs_y = -1},
    {.bitmap_index = 13547, .adv_w = 256, .box_w = 15, .box_h = 15, .ofs_x = 0, .ofs_y = -1},
    {.bitmap_index = 13576, .adv_w = 256, .box_w = 14, .box_h = 14, .ofs_x = 1, .ofs_y = -1},
    {.bitmap_index = 13601, .adv_w = 256, .box_w = 14, .box_h = 14, .ofs_x = 1, .ofs_y = -1},
    {.bitmap_index = 13626, .adv_w = 256, .box_w = 14, .box_h = 14, .ofs_x = 1, .ofs_y = -1},
    {.bitmap_index = 13651, .adv_w = 256, .box_w = 16, .box_h = 14, .ofs_x = 0, .ofs_y = -1},
    {.bitmap_index = 13679, .adv_w = 256, .box_w = 14, .box_h = 14, .ofs_x = 1, .ofs_y = -1},
    {.bitmap_index = 13704, .adv_w = 256, .box_w = 14, .box_h = 14, .ofs_x = 1, .ofs_y = -1},
    {.bitmap_index = 13729, .adv_w = 256, .box_w = 14, .box_h = 15, .ofs_x = 1, .ofs_y = -1},
    {.bitmap_index = 13756, .adv_w = 256, .box_w = 14, .box_h = 15, .ofs_x = 1, .ofs_y = -2},
    {.bitmap_index = 13783, .adv_w = 256, .box_w = 14, .box_h = 15, .ofs_x = 1, .ofs_y = -1},
    {.bitmap_index = 13810, .adv_w = 256, .box_w = 15, .box_h = 14, .ofs_x = 1, .ofs_y = -1},
    {.bitmap_index = 13837, .adv_w = 256, .box_w = 15, .box_h = 14, .ofs_x = 0, .ofs_y = -1},
    {.bitmap_index = 13864, .adv_w = 256, .box_w = 14, .box_h = 14, .ofs_x = 1, .ofs_y = -1},
    {.bitmap_index = 13889, .adv_w = 256, .box_w = 15, .box_h = 15, .ofs_x = 1, .ofs_y = -1},
    {.bitmap_index = 13918, .adv_w = 256, .box_w = 13, .box_h = 14, .ofs_x = 1, .ofs_y = -1},
    {.bitmap_index = 13941, .adv_w = 256, .box_w = 14, .box_h = 15, .ofs_x = 1, .ofs_y = -1},
    {.bitmap_index = 13968, .adv_w = 256, .box_w = 14, .box_h = 15, .ofs_x = 1, .ofs_y = -1},
    {.bitmap_index = 13995, .adv_w = 256, .box_w = 14, .box_h = 14, .ofs_x = 1, .ofs_y = -1},
    {.bitmap_index = 14020, .adv_w = 256, .box_w = 14, .box_h = 14, .ofs_x = 1, .ofs_y = -1}
};

/*---------------------
 *  CHARACTER MAPPING
 *--------------------*/

static const uint16_t unicode_list_1[] = {
    0x0, 0x3, 0x7, 0x9, 0xa, 0xb, 0xd, 0x14,
    0x16, 0x1a, 0x1c, 0x24, 0x2a, 0x2d, 0x3a, 0x3b,
    0x48, 0x49, 0x4b, 0x5d, 0x5f, 0x60, 0x61, 0x66,
    0x86, 0x89, 0x8b, 0x8c, 0x8e, 0x94, 0x9b, 0xa7,
    0xae, 0xb2, 0xba, 0xc0, 0xca, 0xce, 0xd6, 0xe3,
    0xe4, 0xe5, 0xec, 0xf6, 0xfb, 0x117, 0x11a, 0x11f,
    0x120, 0x13c, 0x146, 0x14d, 0x14f, 0x150, 0x153, 0x155,
    0x15c, 0x160, 0x17f, 0x1bf, 0x1e1, 0x212, 0x219, 0x25a,
    0x25c, 0x2cf, 0x33f, 0x348, 0x349, 0x365, 0x368, 0x36b,
    0x36c, 0x36d, 0x371, 0x373, 0x374, 0x376, 0x385, 0x38d,
    0x399, 0x39b, 0x39c, 0x3b2, 0x3b3, 0x3c6, 0x3e0, 0x3fa,
    0x406, 0x407, 0x41a, 0x429, 0x42b, 0x430, 0x43b, 0x44d,
    0x49b, 0x49e, 0x49f, 0x4a0, 0x4a8, 0x4b3, 0x505, 0x516,
    0x517, 0x53a, 0x541, 0x543, 0x54a, 0x557, 0x574, 0x586,
    0x58b, 0x59f, 0x5bb, 0x5c8, 0x5cb, 0x5cd, 0x5d1, 0x5d4,
    0x5d6, 0x5d7, 0x5d8, 0x5e3, 0x5e4, 0x5e5, 0x5ea, 0x5eb,
    0x5ef, 0x5f2, 0x5f6, 0x603, 0x604, 0x608, 0x60c, 0x60d,
    0x60e, 0x611, 0x617, 0x627, 0x62c, 0x62f, 0x640, 0x64a,
    0x658, 0x662, 0x67c, 0x67d, 0x68c, 0x6b1, 0x6cd, 0x6e5,
    0x6ea, 0x731, 0x74a, 0x766, 0x834, 0x8db, 0x8de, 0x8e0,
    0x8e2, 0x8f4, 0x8fd, 0x91f, 0x928, 0x930, 0x93a, 0x950,
    0x957, 0x95a, 0x9ce, 0xaeb, 0xaf0, 0xb04, 0xb16, 0xb1a,
    0xb1c, 0xb1f, 0xb27, 0xb29, 0xb2a, 0xb31, 0xb34, 0xb73,
    0xb79, 0xb7d, 0xb82, 0xd50, 0xd57, 0xd66, 0xd69, 0xd83,
    0xd8c, 0xd9a, 0xd9e, 0xdb6, 0xdf9, 0xdfc, 0xe06, 0xe0f,
    0xe11, 0xe31, 0xe4b, 0xe55, 0xe71, 0xe81, 0xeb8, 0xfe5,
    0xff1, 0xff2, 0x1008, 0x1026, 0x102d, 0x102e, 0x1038, 0x1072,
    0x1073, 0x1074, 0x1076, 0x107f, 0x1094, 0x1095, 0x10a6, 0x10a7,
    0x10fa, 0x1100, 0x110f, 0x111f, 0x1120, 0x113a, 0x1153, 0x1162,
    0x1180, 0x1188, 0x1197, 0x11c3, 0x11c5, 0x11d7, 0x11d9, 0x11eb,
    0x11fd, 0x120e, 0x1215, 0x121d, 0x1225, 0x123b, 0x126f, 0x12a8,
    0x12c5, 0x12f3, 0x130f, 0x131f, 0x1362, 0x1410, 0x1411, 0x1416,
    0x1418, 0x1434, 0x143f, 0x1440, 0x144b, 0x144d, 0x1453, 0x147e,
    0x148a, 0x14a5, 0x14c9, 0x14ff, 0x1507, 0x1589, 0x15a5, 0x15d0,
    0x1736, 0x1739, 0x173e, 0x173f, 0x174c, 0x1759, 0x1762, 0x1770,
    0x1774, 0x1787, 0x1797, 0x17b0, 0x17b9, 0x17c1, 0x17e0, 0x17e5,
    0x17e7, 0x17e9, 0x17f6, 0x180e, 0x1813, 0x181f, 0x182f, 0x185a,
    0x18e6, 0x18f4, 0x1900, 0x1908, 0x1909, 0x190d, 0x191b, 0x1928,
    0x192a, 0x192c, 0x192f, 0x193a, 0x1951, 0x1961, 0x1965, 0x1981,
    0x1997, 0x199c, 0x19aa, 0x1a11, 0x1a37, 0x1a39, 0x1a85, 0x1c21,
    0x1d21, 0x1d4c, 0x1d64, 0x1d65, 0x1dcf, 0x1dd4, 0x1e11, 0x1e14,
    0x1e34, 0x1e99, 0x1ea1, 0x1eb3, 0x1ebb, 0x1ed5, 0x1f3b, 0x1f41,
    0x1f77, 0x1ff1, 0x2005, 0x2010, 0x20e1, 0x226b, 0x22b9, 0x22ed,
    0x2336, 0x2367, 0x242c, 0x2431, 0x2447, 0x245b, 0x2469, 0x2479,
    0x25b0, 0x25cd, 0x2606, 0x271f, 0x2728, 0x2731, 0x273b, 0x274c,
    0x287d, 0x287e, 0x2884, 0x28f4, 0x28f8, 0x290b, 0x291f, 0x293c,
    0x2940, 0x295b, 0x2961, 0x29e5, 0x29f3, 0x2a01, 0x2a14, 0x2a34,
    0x2a6e, 0x2b3e, 0x2b5e, 0x2bbb, 0x2bcd, 0x2bd1, 0x2c76, 0x2c7a,
    0x2c7f, 0x2ccb, 0x2cd9, 0x2ce0, 0x2d11, 0x2d2c, 0x2d49, 0x2d54,
    0x2d97, 0x2e7b, 0x2efb, 0x2f27, 0x30a7, 0x30bf, 0x30c6, 0x30cf,
    0x30d3, 0x30d9, 0x30df, 0x3116, 0x31a4, 0x3201, 0x3205, 0x320c,
    0x32cc, 0x32dc, 0x331a, 0x3338, 0x33ea, 0x33f3, 0x342c, 0x3439,
    0x3472, 0x3473, 0x34b1, 0x34e6, 0x34f1, 0x3549, 0x35dc, 0x363d,
    0x384e, 0x3a4c, 0x3a63, 0x3a68, 0x3aab, 0x3ac5, 0x3b81, 0x3bc1,
    0x3bc2, 0x3bc9, 0x3be3, 0x3da4, 0x3da9, 0x3db0, 0x3db2, 0x3db8,
    0x3dba, 0x3dc6, 0x3ddd, 0x3de5, 0x3df4, 0x3dfb, 0x3e01, 0x3f25,
    0x3f70, 0x3f76, 0x3f77, 0x3f8a, 0x3fd1, 0x3fdf, 0x3fef, 0x3ff3,
    0x40ab, 0x4166, 0x416c, 0x417b, 0x4193, 0x41b9, 0x41c7, 0x41d0,
    0x41d1, 0x41d8, 0x41d9, 0x41db, 0x41de, 0x4201, 0x4209, 0x421a,
    0x4220, 0x4253, 0x42a3, 0x42e8, 0x42fd, 0x43cc, 0x43cd, 0x43ce,
    0x43cf, 0x46b1, 0x477f, 0x47e8, 0x47ee, 0x481f, 0x4833, 0x4835,
    0x4836, 0x4845, 0x48be, 0x48d5, 0x48e8, 0x48ea, 0x4952, 0x495e,
    0x4962, 0x4969, 0x49f3, 0x4a76, 0x4a86, 0x4a98, 0x4ace, 0x4ade,
    0x4b6d, 0x4c6c, 0x4c8c, 0x4cd8, 0x50c4, 0x50d1
};

/*Collect the unicode lists and glyph_id offsets*/
static const lv_font_fmt_txt_cmap_t cmaps[] =
{
    {
        .range_start = 32, .range_length = 95, .glyph_id_start = 1,
        .unicode_list = NULL, .glyph_id_ofs_list = NULL, .list_length = 0, .type = LV_FONT_FMT_TXT_CMAP_FORMAT0_TINY
    },
    {
        .range_start = 19968, .range_length = 20690, .glyph_id_start = 96,
        .unicode_list = unicode_list_1, .glyph_id_ofs_list = NULL, .list_length = 510, .type = LV_FONT_FMT_TXT_CMAP_SPARSE_TINY
    }
};

/*-----------------
 *    KERNING
 *----------------*/


/*Map glyph_ids to kern left classes*/
static const uint8_t kern_left_class_mapping[] =
{
    0, 0, 0, 1, 0, 0, 0, 0,
    1, 2, 0, 0, 0, 3, 4, 3,
    5, 0, 0, 0, 0, 0, 0, 0,
    0, 0, 0, 6, 6, 0, 0, 0,
    0, 0, 7, 8, 9, 10, 11, 12,
    13, 0, 0, 14, 15, 16, 0, 0,
    10, 17, 10, 18, 19, 20, 21, 22,
    23, 24, 25, 26, 2, 27, 0, 0,
    0, 0, 28, 29, 30, 0, 31, 32,
    33, 34, 0, 0, 35, 36, 34, 34,
    29, 29, 37, 38, 39, 40, 37, 41,
    42, 43, 44, 45, 2, 0, 0, 0,
    0, 0, 0, 0, 0, 0, 0, 0,
    0, 0, 0, 0, 0, 0, 0, 0,
    0, 0, 0, 0, 0, 0, 0, 0,
    0, 0, 0, 0, 0, 0, 0, 0,
    0, 0, 0, 0, 0, 0, 0, 0,
    0, 0, 0, 0, 0, 0, 0, 0,
    0, 0, 0, 0, 0, 0, 0, 0,
    0, 0, 0, 0, 0, 0, 0, 0,
    0, 0, 0, 0, 0, 0, 0, 0,
    0, 0, 0, 0, 0, 0, 0, 0,
    0, 0, 0, 0, 0, 0, 0, 0,
    0, 0, 0, 0, 0, 0, 0, 0,
    0, 0, 0, 0, 0, 0, 0, 0,
    0, 0, 0, 0, 0, 0, 0, 0,
    0, 0, 0, 0, 0, 0, 0, 0,
    0, 0, 0, 0, 0, 0, 0, 0,
    0, 0, 0, 0, 0, 0, 0, 0,
    0, 0, 0, 0, 0, 0, 0, 0,
    0, 0, 0, 0, 0, 0, 0, 0,
    0, 0, 0, 0, 0, 0, 0, 0,
    0, 0, 0, 0, 0, 0, 0, 0,
    0, 0, 0, 0, 0, 0, 0, 0,
    0, 0, 0, 0, 0, 0, 0, 0,
    0, 0, 0, 0, 0, 0, 0, 0,
    0, 0, 0, 0, 0, 0, 0, 0,
    0, 0, 0, 0, 0, 0, 0, 0,
    0, 0, 0, 0, 0, 0, 0, 0,
    0, 0, 0, 0, 0, 0, 0, 0,
    0, 0, 0, 0, 0, 0, 0, 0,
    0, 0, 0, 0, 0, 0, 0, 0,
    0, 0, 0, 0, 0, 0, 0, 0,
    0, 0, 0, 0, 0, 0, 0, 0,
    0, 0, 0, 0, 0, 0, 0, 0,
    0, 0, 0, 0, 0, 0, 0, 0,
    0, 0, 0, 0, 0, 0, 0, 0,
    0, 0, 0, 0, 0, 0, 0, 0,
    0, 0, 0, 0, 0, 0, 0, 0,
    0, 0, 0, 0, 0, 0, 0, 0,
    0, 0, 0, 0, 0, 0, 0, 0,
    0, 0, 0, 0, 0, 0, 0, 0,
    0, 0, 0, 0, 0, 0, 0, 0,
    0, 0, 0, 0, 0, 0, 0, 0,
    0, 0, 0, 0, 0, 0, 0, 0,
    0, 0, 0, 0, 0, 0, 0, 0,
    0, 0, 0, 0, 0, 0, 0, 0,
    0, 0, 0, 0, 0, 0, 0, 0,
    0, 0, 0, 0, 0, 0, 0, 0,
    0, 0, 0, 0, 0, 0, 0, 0,
    0, 0, 0, 0, 0, 0, 0, 0,
    0, 0, 0, 0, 0, 0, 0, 0,
    0, 0, 0, 0, 0, 0, 0, 0,
    0, 0, 0, 0, 0, 0, 0, 0,
    0, 0, 0, 0, 0, 0, 0, 0,
    0, 0, 0, 0, 0, 0, 0, 0,
    0, 0, 0, 0, 0, 0, 0, 0,
    0, 0, 0, 0, 0, 0, 0, 0,
    0, 0, 0, 0, 0, 0, 0, 0,
    0, 0, 0, 0, 0, 0, 0, 0,
    0, 0, 0, 0, 0, 0, 0, 0,
    0, 0, 0, 0, 0, 0, 0, 0,
    0, 0, 0, 0, 0, 0, 0, 0,
    0, 0, 0, 0, 0, 0, 0, 0,
    0, 0, 0, 0, 0, 0, 0, 0,
    0, 0, 0, 0, 0, 0
};

/*Map glyph_ids to kern right classes*/
static const uint8_t kern_right_class_mapping[] =
{
    0, 0, 1, 2, 0, 0, 0, 0,
    2, 0, 3, 4, 0, 5, 6, 7,
    8, 0, 0, 0, 0, 0, 0, 0,
    0, 0, 0, 9, 10, 0, 0, 0,
    11, 0, 12, 0, 13, 0, 0, 0,
    13, 0, 0, 14, 0, 0, 0, 0,
    13, 0, 13, 0, 15, 16, 17, 18,
    19, 20, 21, 22, 0, 23, 3, 0,
    0, 0, 24, 0, 25, 25, 25, 26,
    27, 0, 28, 29, 0, 0, 30, 30,
    25, 30, 25, 30, 31, 32, 33, 34,
    35, 36, 37, 38, 0, 0, 3, 0,
    0, 0, 0, 0, 0, 0, 0, 0,
    0, 0, 0, 0, 0, 0, 0, 0,
    0, 0, 0, 0, 0, 0, 0, 0,
    0, 0, 0, 0, 0, 0, 0, 0,
    0, 0, 0, 0, 0, 0, 0, 0,
    0, 0, 0, 0, 0, 0, 0, 0,
    0, 0, 0, 0, 0, 0, 0, 0,
    0, 0, 0, 0, 0, 0, 0, 0,
    0, 0, 0, 0, 0, 0, 0, 0,
    0, 0, 0, 0, 0, 0, 0, 0,
    0, 0, 0, 0, 0, 0, 0, 0,
    0, 0, 0, 0, 0, 0, 0, 0,
    0, 0, 0, 0, 0, 0, 0, 0,
    0, 0, 0, 0, 0, 0, 0, 0,
    0, 0, 0, 0, 0, 0, 0, 0,
    0, 0, 0, 0, 0, 0, 0, 0,
    0, 0, 0, 0, 0, 0, 0, 0,
    0, 0, 0, 0, 0, 0, 0, 0,
    0, 0, 0, 0, 0, 0, 0, 0,
    0, 0, 0, 0, 0, 0, 0, 0,
    0, 0, 0, 0, 0, 0, 0, 0,
    0, 0, 0, 0, 0, 0, 0, 0,
    0, 0, 0, 0, 0, 0, 0, 0,
    0, 0, 0, 0, 0, 0, 0, 0,
    0, 0, 0, 0, 0, 0, 0, 0,
    0, 0, 0, 0, 0, 0, 0, 0,
    0, 0, 0, 0, 0, 0, 0, 0,
    0, 0, 0, 0, 0, 0, 0, 0,
    0, 0, 0, 0, 0, 0, 0, 0,
    0, 0, 0, 0, 0, 0, 0, 0,
    0, 0, 0, 0, 0, 0, 0, 0,
    0, 0, 0, 0, 0, 0, 0, 0,
    0, 0, 0, 0, 0, 0, 0, 0,
    0, 0, 0, 0, 0, 0, 0, 0,
    0, 0, 0, 0, 0, 0, 0, 0,
    0, 0, 0, 0, 0, 0, 0, 0,
    0, 0, 0, 0, 0, 0, 0, 0,
    0, 0, 0, 0, 0, 0, 0, 0,
    0, 0, 0, 0, 0, 0, 0, 0,
    0, 0, 0, 0, 0, 0, 0, 0,
    0, 0, 0, 0, 0, 0, 0, 0,
    0, 0, 0, 0, 0, 0, 0, 0,
    0, 0, 0, 0, 0, 0, 0, 0,
    0, 0, 0, 0, 0, 0, 0, 0,
    0, 0, 0, 0, 0, 0, 0, 0,
    0, 0, 0, 0, 0, 0, 0, 0,
    0, 0, 0, 0, 0, 0, 0, 0,
    0, 0, 0, 0, 0, 0, 0, 0,
    0, 0, 0, 0, 0, 0, 0, 0,
    0, 0, 0, 0, 0, 0, 0, 0,
    0, 0, 0, 0, 0, 0, 0, 0,
    0, 0, 0, 0, 0, 0, 0, 0,
    0, 0, 0, 0, 0, 0, 0, 0,
    0, 0, 0, 0, 0, 0, 0, 0,
    0, 0, 0, 0, 0, 0, 0, 0,
    0, 0, 0, 0, 0, 0, 0, 0,
    0, 0, 0, 0, 0, 0, 0, 0,
    0, 0, 0, 0, 0, 0, 0, 0,
    0, 0, 0, 0, 0, 0, 0, 0,
    0, 0, 0, 0, 0, 0, 0, 0,
    0, 0, 0, 0, 0, 0, 0, 0,
    0, 0, 0, 0, 0, 0, 0, 0,
    0, 0, 0, 0, 0, 0, 0, 0,
    0, 0, 0, 0, 0, 0
};

/*Kern values between classes*/
static const int8_t kern_class_values[] =
{
    0, 0, 0, 0, -35, 0, -35, 0,
    0, 0, 0, -17, 0, -29, -3, 0,
    0, 0, 0, -3, 0, 0, 0, 0,
    -7, 0, 0, 0, 0, 0, -6, 0,
    0, 0, 0, 0, 0, 0, 0, 0,
    0, 0, 0, 0, 0, 0, 0, 0,
    0, 0, 0, -6, 0, 0, 0, 0,
    0, 0, 0, 0, 0, 0, 0, 0,
    0, 0, 23, 0, 0, 0, 0, 0,
    0, 0, 0, 0, 0, -30, 0, -42,
    0, 0, 0, 0, 0, 0, 0, 0,
    0, 0, 0, -28, -6, -20, -10, 0,
    -28, 0, 0, 0, -3, 0, 0, 0,
    8, 0, 0, -15, 0, -12, -7, 0,
    -6, 0, 0, 0, 0, 0, 0, 0,
    0, 0, 0, 0, 0, 0, 0, -6,
    -6, -14, 0, -5, -3, -9, -20, -6,
    0, 0, 0, 0, 0, 0, 0, 0,
    0, -7, 0, -3, 0, -4, 0, 0,
    0, 0, 0, 0, 0, 0, 0, 0,
    0, 0, 0, -12, -3, -23, 0, 0,
    0, 0, 0, 0, 0, 0, 0, -7,
    -8, 0, -3, 6, 6, 0, 0, 1,
    -6, 0, 0, 0, 0, 0, 0, 0,
    0, -12, 0, 0, 0, 0, 0, 0,
    0, 0, 0, 0, 0, 0, 0, 0,
    0, 0, -8, 0, 0, 0, 0, 0,
    0, 0, 1, 0, 0, 0, 0, 0,
    0, 0, 0, 0, 0, -17, 0, -26,
    0, 0, 0, 0, 0, 0, -8, -2,
    -3, 0, 0, -17, -4, -4, 0, 0,
    -4, -2, -12, 6, 0, -3, 0, 0,
    0, 0, 6, -4, -2, -3, -2, -2,
    -3, 0, 0, 0, 0, -9, 0, 0,
    0, 0, 0, 0, 0, 0, 0, -5,
    -4, -7, 0, -2, -2, -2, -4, -2,
    0, 0, 0, 0, 0, 0, 0, 0,
    0, -3, 0, -4, -3, -3, -4, 0,
    0, 0, 0, 0, 0, -8, 0, 0,
    0, 0, 0, 0, -9, -3, -7, -5,
    -4, -2, -2, -2, -3, -3, 0, 0,
    0, 0, -6, 0, 0, 0, 0, -9,
    -3, -4, -3, 0, -4, 0, 0, 0,
    0, -9, 0, 0, 0, -5, 0, 0,
    0, -3, 0, -13, 0, -7, 0, -3,
    -2, -6, -6, -6, 0, 0, 0, 0,
    0, 0, 0, 0, 0, 0, 0, 0,
    0, -4, 0, -3, 0, 0, 0, 0,
    0, 0, 0, 0, 0, 0, 0, 0,
    0, 0, 0, 0, 0, 0, 0, 0,
    0, 0, 0, 0, -3, 0, 0, 0,
    0, 0, 0, -7, 0, -3, 0, -10,
    -3, 0, 0, 0, 0, 0, -23, 0,
    -23, -18, 0, 0, 0, -11, -3, -39,
    -6, 0, 0, 0, 0, -7, -1, -9,
    0, -10, -4, 0, -7, 0, 0, -6,
    -6, -3, -5, -7, -6, -8, -6, -10,
    0, 0, 0, -7, 0, 0, 0, 0,
    0, 0, 0, -2, 0, 0, 0, -6,
    0, -4, -2, 0, 0, 0, 0, 0,
    0, 0, 0, 0, 0, 0, 0, 0,
    0, 0, 0, 0, 0, 0, 0, 0,
    0, 0, -7, 0, -7, 0, 0, 0,
    0, 0, 0, -12, 0, 0, 0, 0,
    0, 0, 0, 0, 0, 0, 0, 0,
    0, 0, 0, 0, 0, 0, 0, 0,
    0, 0, 0, 0, 0, -7, 0, -12,
    0, -10, 0, 0, 0, 0, -3, -3,
    -6, 0, -4, -6, -4, -4, -3, 0,
    -6, 0, 0, 0, -3, 0, 0, 0,
    -3, 0, 0, -11, -4, -7, -6, -6,
    -7, -4, 0, -30, 0, -46, 0, -15,
    0, 0, 0, 0, -11, 0, -8, 0,
    -7, -35, -9, -22, -16, 0, -23, 0,
    -23, 0, -4, -4, -2, 0, 0, 0,
    0, -6, -3, -12, -10, 0, -12, 0,
    0, 0, 0, 0, -34, -9, -34, -19,
    0, 0, 0, -14, 0, -42, -3, -6,
    0, 0, 0, -7, -3, -20, 0, -12,
    -7, 0, -7, 0, 0, 0, -3, 0,
    0, 0, 0, -4, 0, -6, 0, 0,
    0, -3, 0, -9, 0, 0, 0, 0,
    0, -2, 0, -5, -4, -4, 0, 0,
    2, -2, -2, -3, 0, -2, -3, 0,
    -2, 0, 0, 0, 0, 0, 0, 0,
    0, -3, 0, -3, 0, 0, 0, -4,
    0, 4, 0, 0, 0, 0, 0, 0,
    0, -4, -4, -6, 0, 0, 0, 0,
    -4, 0, 0, 0, 0, 0, 0, 0,
    0, 0, 0, -7, 0, 0, 0, 0,
    0, -1, 0, 0, 0, 0, -31, -20,
    -31, -24, -6, -6, 0, -12, -7, -36,
    -10, 0, 0, 0, 0, -6, -4, -15,
    0, -20, -20, -5, -20, 0, 0, -13,
    -17, -5, -13, -9, -9, -10, -9, -21,
    0, 0, 0, 0, -6, 0, -6, -8,
    0, 0, 0, -4, 0, -14, -3, 0,
    0, -2, 0, -3, -4, 0, 0, -2,
    0, 0, -3, 0, 0, 0, -2, 0,
    0, 0, 0, -3, 0, 0, 0, 0,
    0, 0, -20, -5, -20, -12, 0, 0,
    0, -4, -3, -20, -3, 0, -3, 3,
    0, 0, 0, -5, 0, -7, -5, 0,
    -6, 0, 0, -6, -4, 0, -9, -3,
    -3, -5, -3, -7, 0, 0, 0, 0,
    -10, -3, -10, -7, 0, 0, 0, 0,
    -2, -17, -2, 0, 0, 0, 0, 0,
    0, -2, 0, -4, 0, 0, -3, 0,
    0, 0, 0, 0, 0, 0, 0, 0,
    0, -3, 0, -3, 0, -3, 0, -9,
    0, 0, 0, 0, 0, 0, -6, -2,
    -4, -6, -3, 0, 0, 0, 0, 0,
    0, -3, -3, -6, 0, 0, 0, 0,
    0, -6, -3, -6, -4, -3, -6, -4,
    0, 0, 0, 0, -28, -20, -28, -17,
    -8, -8, -3, -4, -4, -29, -5, -4,
    -3, 0, 0, 0, 0, -7, 0, -20,
    -13, 0, -17, 0, 0, -12, -13, -10,
    -10, -4, -7, -10, -4, -14, 0, 0,
    0, 0, 0, -9, 0, 0, 0, 0,
    0, -2, -6, -9, -9, 0, -3, -2,
    -2, 0, -4, -4, 0, -4, -6, -6,
    -4, 0, 0, 0, 0, -4, -6, -4,
    -4, -7, -4, 0, 0, 0, 0, 0,
    0, 0, 0, 0, 0, 0, 0, 0,
    0, 0, 0, -23, -7, -14, -7, 0,
    -20, 0, 0, 0, 0, 0, 9, 0,
    20, 0, 0, 0, 0, -6, -3, 0,
    3, 0, 0, 0, 0, -15, 0, 0,
    0, 0, 0, 0, -5, 0, 0, 0,
    0, -7, 0, -6, -2, 0, -7, 0,
    0, 0, 0, 0, 0, 0, 0, 0,
    0, -4, 0, 0, 0, 0, 0, 0,
    0, -7, 0, -6, -3, 2, -3, 0,
    0, 0, -5, 0, 0, 0, 0, -17,
    0, -5, 0, -2, -14, 0, -8, -4,
    0, -1, 0, 0, 0, 0, -1, -6,
    0, -2, -2, -6, -2, -2, 0, 0,
    0, 0, 0, -7, 0, 0, 0, 0,
    0, 0, 0, 0, 0, -6, 0, -4,
    0, 0, -7, 0, 0, -3, -7, 0,
    -3, 0, 0, 0, 0, -3, 0, 2,
    2, 1, 2, 0, 0, 0, 0, -9,
    0, 3, 0, 0, 0, 0, -3, 0,
    0, -6, -6, -7, 0, -6, -3, 0,
    -8, 0, -7, -4, 0, -1, -3, 0,
    0, 0, 0, -3, 0, 0, 0, -3,
    0, 0, 3, 12, 13, 0, -16, -4,
    -16, -3, 0, 0, 7, 0, 0, 0,
    0, 13, 0, 19, 13, 9, 16, 0,
    15, -6, -3, 0, -4, 0, -3, 0,
    -2, 0, 0, 3, 0, -2, 0, -4,
    0, 0, 3, -9, 0, 0, 0, 12,
    0, 0, -11, 0, 0, 0, 0, -8,
    0, 0, 0, 0, -4, 0, 0, -5,
    -4, 0, 0, 0, 12, 0, 0, 0,
    0, -2, -2, 0, 3, -4, 0, 0,
    0, -9, 0, 0, 0, 0, 0, 0,
    -3, 0, 0, 0, 0, -7, 0, -3,
    0, 0, -6, 0, 0, 0, 0, 0,
    0, 0, 0, 0, 0, 0, 0, 0,
    0, 0, 0, 0, 0, 0, 0, -6,
    3, -16, 3, 0, 3, 3, -5, 0,
    0, 0, 0, -12, 0, 0, 0, 0,
    -4, 0, 0, -3, -6, 0, -3, 0,
    -3, 0, 0, -7, -4, 0, 0, -3,
    0, -3, 0, 0, 0, 0, 0, 0,
    0, 0, 0, 0, 0, 0, 0, 0,
    0, 0, 0, 0, 0, 0, 0, 0,
    0, 0, 0, 0, 0, 0, 3, 0,
    0, 0, 0, 0, 0, 0, 0, 0,
    0, 0, 0, -6, 0, 0, 0, 0,
    0, 0, 0, 0, 0, 0, 0, -6,
    0, -4, 0, 0, -9, 0, 0, 0,
    0, 0, 0, 0, 0, 0, 0, 0,
    0, 0, 0, 0, 0, 0, 0, 0,
    0, 0, -19, -7, -19, -9, 6, 6,
    0, -4, 0, -17, 0, 0, 0, 0,
    0, 0, 0, -3, 3, -7, -3, 0,
    -3, 0, 0, 0, -2, 0, 0, 6,
    4, 0, 6, -2, 0, 0, 0, -12,
    0, 3, 0, 0, 0, 0, -4, 0,
    0, 0, 0, -7, 0, -3, 0, 0,
    -6, 0, 0, 0, 0, 0, 0, 0,
    0, 0, 0, -6, 0, 0, 0, 0,
    0, 0, 0, 0, 0, 0, 0, -8,
    0, 2, 3, 3, -8, 0, 0, 0,
    0, -4, 0, 0, 0, 0, -2, 0,
    0, -6, -4, 0, -3, 0, 0, 0,
    -3, -6, 0, 0, 0, -4, 0, 0,
    0, 0, 0, -3, -12, -3, -12, -6,
    0, 0, 0, -3, 0, -12, 0, -6,
    0, -3, 0, 0, -4, -3, 0, -6,
    -2, 0, 0, 0, -3, 0, 0, 0,
    0, 0, 0, 0, 0, -7, 0, 0,
    0, -3, -16, 0, -16, -2, 0, 0,
    0, -2, 0, -9, 0, -7, 0, -3,
    0, -4, -7, 0, 0, -3, -2, 0,
    0, 0, -3, 0, 0, 0, 0, 0,
    0, 0, 0, -6, -4, 0, 0, -6,
    3, -4, -3, 0, 0, 3, 0, 0,
    -3, 0, -2, -9, 0, -5, 0, -3,
    -10, 0, 0, -3, -6, 0, 0, 0,
    0, 0, 0, -7, 0, 0, 0, 0,
    -2, 0, 0, 0, 0, 0, -12, 0,
    -12, -3, 0, 0, 0, 0, 0, -12,
    0, -6, 0, -2, 0, -2, -3, 0,
    0, -6, -2, 0, 0, 0, -3, 0,
    0, 0, 0, 0, 0, -4, 0, -7,
    0, 0, 0, 0, 0, -6, 0, 0,
    0, 0, 0, 0, 0, 0, 0, -7,
    0, 0, 0, 0, -7, 0, 0, -6,
    -3, 0, -2, 0, 0, 0, 0, 0,
    -3, -2, 0, 0, -2, 0
};


/*Collect the kern class' data in one place*/
static const lv_font_fmt_txt_kern_classes_t kern_classes =
{
    .class_pair_values   = kern_class_values,
    .left_class_mapping  = kern_left_class_mapping,
    .right_class_mapping = kern_right_class_mapping,
    .left_class_cnt      = 45,
    .right_class_cnt     = 38,
};

/*--------------------
 *  ALL CUSTOM DATA
 *--------------------*/

#if LVGL_VERSION_MAJOR == 8
/*Store all the custom data of the font*/
static  lv_font_fmt_txt_glyph_cache_t cache;
#endif

#if LVGL_VERSION_MAJOR >= 8
static const lv_font_fmt_txt_dsc_t font_dsc = {
#else
static lv_font_fmt_txt_dsc_t font_dsc = {
#endif
    .glyph_bitmap = glyph_bitmap,
    .glyph_dsc = glyph_dsc,
    .cmaps = cmaps,
    .kern_dsc = &kern_classes,
    .kern_scale = 16,
    .cmap_num = 2,
    .bpp = 1,
    .kern_classes = 1,
    .bitmap_format = 0,
#if LVGL_VERSION_MAJOR == 8
    .cache = &cache
#endif

};



/*-----------------
 *  PUBLIC FONT
 *----------------*/

/*Initialize a public general font descriptor*/
#if LVGL_VERSION_MAJOR >= 8
const lv_font_t ui_font_HanSans_cn_16_495 = {
#else
lv_font_t ui_font_HanSans_cn_16_495 = {
#endif
    .get_glyph_dsc = lv_font_get_glyph_dsc_fmt_txt,    /*Function pointer to get glyph's data*/
    .get_glyph_bitmap = lv_font_get_bitmap_fmt_txt,    /*Function pointer to get glyph's bitmap*/
    .line_height = 18,          /*The maximum line height required by the font*/
    .base_line = 4,             /*Baseline measured from the bottom of the line*/
#if !(LVGL_VERSION_MAJOR == 6 && LVGL_VERSION_MINOR == 0)
    .subpx = LV_FONT_SUBPX_NONE,
#endif
#if LV_VERSION_CHECK(7, 4, 0) || LVGL_VERSION_MAJOR >= 8
    .underline_position = -2,
    .underline_thickness = 1,
#endif
    // .static_bitmap = 0,
    .dsc = &font_dsc,          /*The custom font data. Will be accessed by `get_glyph_bitmap/dsc` */
#if LV_VERSION_CHECK(8, 2, 0) || LVGL_VERSION_MAJOR >= 9
    .fallback = NULL,
#endif
    .user_data = NULL,
};



#endif /*#if UI_FONT_HANSANS_CN_16_495*/
